Series Name,Series Code,Country Name,Country Code,1960 [YR1960],1961 [YR1961],1962 [YR1962],1963 [YR1963],1964 [YR1964],1965 [YR1965],1966 [YR1966],1967 [YR1967],1968 [YR1968],1969 [YR1969],1970 [YR1970],1971 [YR1971],1972 [YR1972],1973 [YR1973],1974 [YR1974],1975 [YR1975],1976 [YR1976],1977 [YR1977],1978 [YR1978],1979 [YR1979],1980 [YR1980],1981 [YR1981],1982 [YR1982],1983 [YR1983],1984 [YR1984],1985 [YR1985],1986 [YR1986],1987 [YR1987],1988 [YR1988],1989 [YR1989],1990 [YR1990],1991 [YR1991],1992 [YR1992],1993 [YR1993],1994 [YR1994],1995 [YR1995],1996 [YR1996],1997 [YR1997],1998 [YR1998],1999 [YR1999],2000 [YR2000],2001 [YR2001],2002 [YR2002],2003 [YR2003],2004 [YR2004],2005 [YR2005],2006 [YR2006],2007 [YR2007],2008 [YR2008],2009 [YR2009],2010 [YR2010],2011 [YR2011],2012 [YR2012],2013 [YR2013],2014 [YR2014],2015 [YR2015],2016 [YR2016],2017 [YR2017],2018 [YR2018],2019 [YR2019],2020 [YR2020],2021 [YR2021],2022 [YR2022],2023 [YR2023]
"Contraceptive prevalence, any method (% of sexually active unmarried women ages 15-49)",SP.DYN.CONU.SA.ZS,Afghanistan,AFG,..,..,..,..,..,..,..,..,..,..,..,..,..,..,..,..,..,..,..,..,..,..,..,..,..,..,..,..,..,..,..,..,..,..,..,..,..,..,..,..,..,..,..,..,..,..,..,..,..,..,..,..,..,..,..,..,..,..,..,..,..,..,..,..
"Contraceptive prevalence, any method (% of sexually active unmarried women ages 15-49)",SP.DYN.CONU.SA.ZS,Africa Eastern and Southern,AFE,..,..,..,..,..,..,..,..,..,..,..,..,..,..,..,..,..,..,..,..,..,..,..,..,..,..,..,..,..,..,..,..,..,..,..,..,..,..,..,..,..,..,..,..,..,..,..,..,..,..,..,..,..,..,..,..,..,..,..,..,..,..,..,..
"Contraceptive prevalence, any method (% of sexually active unmarried women ages 15-49)",SP.DYN.CONU.SA.ZS,Africa Western and Central,AFW,..,..,..,..,..,..,..,..,..,..,..,..,..,..,..,..,..,..,..,..,..,..,..,..,..,..,..,..,..,..,..,..,..,..,..,..,..,..,..,..,..,..,..,..,..,..,..,..,..,..,54.2325945282577,..,..,..,..,..,..,..,37.078655528028,..,..,..,..,..
"Contraceptive prevalence, any method (% of sexually active unmarried women ages 15-49)",SP.DYN.CONU.SA.ZS,Albania,ALB,..,..,..,..,..,..,..,..,..,..,..,..,..,..,..,..,..,..,..,..,..,..,..,..,..,..,..,..,..,..,..,..,..,..,..,..,..,..,..,..,..,..,..,..,..,..,..,..,..,72.3,..,..,..,..,..,..,..,..,60.5,..,..,..,..,..
"Contraceptive prevalence, any method (% of sexually active unmarried women ages 15-49)",SP.DYN.CONU.SA.ZS,Algeria,DZA,..,..,..,..,..,..,..,..,..,..,..,..,..,..,..,..,..,..,..,..,..,..,..,..,..,..,..,..,..,..,..,..,..,..,..,..,..,..,..,..,..,..,..,..,..,..,..,..,..,..,..,..,..,..,..,..,..,..,..,..,..,..,..,..
"Contraceptive prevalence, any method (% of sexually active unmarried women ages 15-49)",SP.DYN.CONU.SA.ZS,American Samoa,ASM,..,..,..,..,..,..,..,..,..,..,..,..,..,..,..,..,..,..,..,..,..,..,..,..,..,..,..,..,..,..,..,..,..,..,..,..,..,..,..,..,..,..,..,..,..,..,..,..,..,..,..,..,..,..,..,..,..,..,..,..,..,..,..,..
"Contraceptive prevalence, any method (% of sexually active unmarried women ages 15-49)",SP.DYN.CONU.SA.ZS,Andorra,AND,..,..,..,..,..,..,..,..,..,..,..,..,..,..,..,..,..,..,..,..,..,..,..,..,..,..,..,..,..,..,..,..,..,..,..,..,..,..,..,..,..,..,..,..,..,..,..,..,..,..,..,..,..,..,..,..,..,..,..,..,..,..,..,..
"Contraceptive prevalence, any method (% of sexually active unmarried women ages 15-49)",SP.DYN.CONU.SA.ZS,Angola,AGO,..,..,..,..,..,..,..,..,..,..,..,..,..,..,..,..,..,..,..,..,..,..,..,..,..,..,..,..,..,..,..,..,..,..,..,..,..,..,..,..,..,..,..,..,..,..,..,..,..,..,..,..,..,..,..,..,28,..,..,..,..,..,..,..
"Contraceptive prevalence, any method (% of sexually active unmarried women ages 15-49)",SP.DYN.CONU.SA.ZS,Antigua and Barbuda,ATG,..,..,..,..,..,..,..,..,..,..,..,..,..,..,..,..,..,..,..,..,..,..,..,..,..,..,..,..,..,..,..,..,..,..,..,..,..,..,..,..,..,..,..,..,..,..,..,..,..,..,..,..,..,..,..,..,..,..,..,..,..,..,..,..
"Contraceptive prevalence, any method (% of sexually active unmarried women ages 15-49)",SP.DYN.CONU.SA.ZS,Arab World,ARB,..,..,..,..,..,..,..,..,..,..,..,..,..,..,..,..,..,..,..,..,..,..,..,..,..,..,..,..,..,..,..,..,..,..,..,..,..,..,..,..,..,..,..,..,..,..,..,..,..,..,..,..,..,..,..,..,..,..,..,..,..,..,..,..
"Contraceptive prevalence, any method (% of sexually active unmarried women ages 15-49)",SP.DYN.CONU.SA.ZS,Argentina,ARG,..,..,..,..,..,..,..,..,..,..,..,..,..,..,..,..,..,..,..,..,..,..,..,..,..,..,..,..,..,..,..,..,..,..,..,..,..,..,..,..,..,..,..,..,..,..,..,..,..,..,..,..,..,..,..,..,..,..,..,..,..,..,..,..
"Contraceptive prevalence, any method (% of sexually active unmarried women ages 15-49)",SP.DYN.CONU.SA.ZS,Armenia,ARM,..,..,..,..,..,..,..,..,..,..,..,..,..,..,..,..,..,..,..,..,..,..,..,..,..,..,..,..,..,..,..,..,..,..,..,..,..,..,..,..,..,..,..,..,..,..,..,..,..,..,..,..,..,..,..,..,..,..,..,..,..,..,..,..
"Contraceptive prevalence, any method (% of sexually active unmarried women ages 15-49)",SP.DYN.CONU.SA.ZS,Aruba,ABW,..,..,..,..,..,..,..,..,..,..,..,..,..,..,..,..,..,..,..,..,..,..,..,..,..,..,..,..,..,..,..,..,..,..,..,..,..,..,..,..,..,..,..,..,..,..,..,..,..,..,..,..,..,..,..,..,..,..,..,..,..,..,..,..
"Contraceptive prevalence, any method (% of sexually active unmarried women ages 15-49)",SP.DYN.CONU.SA.ZS,Australia,AUS,..,..,..,..,..,..,..,..,..,..,..,..,..,..,..,..,..,..,..,..,..,..,..,..,..,..,..,..,..,..,..,..,..,..,..,..,..,..,..,..,..,..,..,..,..,..,..,..,..,..,..,..,..,..,..,..,..,..,..,..,..,..,..,..
"Contraceptive prevalence, any method (% of sexually active unmarried women ages 15-49)",SP.DYN.CONU.SA.ZS,Austria,AUT,..,..,..,..,..,..,..,..,..,..,..,..,..,..,..,..,..,..,..,..,..,..,..,..,..,..,..,..,..,..,..,..,..,..,..,..,..,..,..,..,..,..,..,..,..,..,..,..,..,..,..,..,..,..,..,..,..,..,..,..,..,..,..,..
"Contraceptive prevalence, any method (% of sexually active unmarried women ages 15-49)",SP.DYN.CONU.SA.ZS,Azerbaijan,AZE,..,..,..,..,..,..,..,..,..,..,..,..,..,..,..,..,..,..,..,..,..,..,..,..,..,..,..,..,..,..,..,..,..,..,..,..,..,..,..,..,..,..,..,..,..,..,..,..,..,..,..,..,..,..,..,..,..,..,..,..,..,..,..,..
"Contraceptive prevalence, any method (% of sexually active unmarried women ages 15-49)",SP.DYN.CONU.SA.ZS,"Bahamas, The",BHS,..,..,..,..,..,..,..,..,..,..,..,..,..,..,..,..,..,..,..,..,..,..,..,..,..,..,..,..,..,..,..,..,..,..,..,..,..,..,..,..,..,..,..,..,..,..,..,..,..,..,..,..,..,..,..,..,..,..,..,..,..,..,..,..
"Contraceptive prevalence, any method (% of sexually active unmarried women ages 15-49)",SP.DYN.CONU.SA.ZS,Bahrain,BHR,..,..,..,..,..,..,..,..,..,..,..,..,..,..,..,..,..,..,..,..,..,..,..,..,..,..,..,..,..,..,..,..,..,..,..,..,..,..,..,..,..,..,..,..,..,..,..,..,..,..,..,..,..,..,..,..,..,..,..,..,..,..,..,..
"Contraceptive prevalence, any method (% of sexually active unmarried women ages 15-49)",SP.DYN.CONU.SA.ZS,Bangladesh,BGD,..,..,..,..,..,..,..,..,..,..,..,..,..,..,..,..,..,..,..,..,..,..,..,..,..,..,..,..,..,..,..,..,..,..,..,..,..,..,..,..,..,..,..,..,..,..,..,..,..,..,..,..,..,..,..,..,..,..,..,..,..,..,..,..
"Contraceptive prevalence, any method (% of sexually active unmarried women ages 15-49)",SP.DYN.CONU.SA.ZS,Barbados,BRB,..,..,..,..,..,..,..,..,..,..,..,..,..,..,..,..,..,..,..,..,..,..,..,..,..,..,..,..,..,..,..,..,..,..,..,..,..,..,..,..,..,..,..,..,..,..,..,..,..,..,..,..,..,..,..,..,..,..,..,..,..,..,..,..
"Contraceptive prevalence, any method (% of sexually active unmarried women ages 15-49)",SP.DYN.CONU.SA.ZS,Belarus,BLR,..,..,..,..,..,..,..,..,..,..,..,..,..,..,..,..,..,..,..,..,..,..,..,..,..,..,..,..,..,..,..,..,..,..,..,..,..,..,..,..,..,..,..,..,..,..,..,..,..,..,..,..,..,..,..,..,..,..,..,..,..,..,..,..
"Contraceptive prevalence, any method (% of sexually active unmarried women ages 15-49)",SP.DYN.CONU.SA.ZS,Belgium,BEL,..,..,..,..,..,..,..,..,..,..,..,..,..,..,..,..,..,..,..,..,..,..,..,..,..,..,..,..,..,..,..,..,..,..,..,..,..,..,..,..,..,..,..,..,..,..,..,..,..,..,..,..,..,..,..,..,..,..,..,..,..,..,..,..
"Contraceptive prevalence, any method (% of sexually active unmarried women ages 15-49)",SP.DYN.CONU.SA.ZS,Belize,BLZ,..,..,..,..,..,..,..,..,..,..,..,..,..,..,..,..,..,..,..,..,..,..,..,..,..,..,..,..,..,..,..,..,..,..,..,..,..,..,..,..,..,..,..,..,..,..,..,..,..,..,..,..,..,..,..,..,..,..,..,..,..,..,..,..
"Contraceptive prevalence, any method (% of sexually active unmarried women ages 15-49)",SP.DYN.CONU.SA.ZS,Benin,BEN,..,..,..,..,..,..,..,..,..,..,..,..,..,..,..,..,..,..,..,..,..,..,..,..,..,..,..,..,..,..,..,..,..,..,..,..,50.3,..,..,..,..,37.8,..,..,..,..,54.9,..,..,..,..,..,35.7,..,..,..,..,..,28.8,..,..,..,..,..
"Contraceptive prevalence, any method (% of sexually active unmarried women ages 15-49)",SP.DYN.CONU.SA.ZS,Bermuda,BMU,..,..,..,..,..,..,..,..,..,..,..,..,..,..,..,..,..,..,..,..,..,..,..,..,..,..,..,..,..,..,..,..,..,..,..,..,..,..,..,..,..,..,..,..,..,..,..,..,..,..,..,..,..,..,..,..,..,..,..,..,..,..,..,..
"Contraceptive prevalence, any method (% of sexually active unmarried women ages 15-49)",SP.DYN.CONU.SA.ZS,Bhutan,BTN,..,..,..,..,..,..,..,..,..,..,..,..,..,..,..,..,..,..,..,..,..,..,..,..,..,..,..,..,..,..,..,..,..,..,..,..,..,..,..,..,..,..,..,..,..,..,..,..,..,..,..,..,..,..,..,..,..,..,..,..,..,..,..,..
"Contraceptive prevalence, any method (% of sexually active unmarried women ages 15-49)",SP.DYN.CONU.SA.ZS,Bolivia,BOL,..,..,..,..,..,..,..,..,..,..,..,..,..,..,..,..,..,..,..,..,..,..,..,..,..,..,..,..,..,31.8,..,..,..,..,61.9,..,..,..,61.2,..,..,..,..,65.3,..,..,..,..,77.7,..,..,..,..,..,..,..,..,..,..,..,..,..,..,..
"Contraceptive prevalence, any method (% of sexually active unmarried women ages 15-49)",SP.DYN.CONU.SA.ZS,Bosnia and Herzegovina,BIH,..,..,..,..,..,..,..,..,..,..,..,..,..,..,..,..,..,..,..,..,..,..,..,..,..,..,..,..,..,..,..,..,..,..,..,..,..,..,..,..,..,..,..,..,..,..,..,..,..,..,..,..,..,..,..,..,..,..,..,..,..,..,..,..
"Contraceptive prevalence, any method (% of sexually active unmarried women ages 15-49)",SP.DYN.CONU.SA.ZS,Botswana,BWA,..,..,..,..,..,..,..,..,..,..,..,..,..,..,..,..,..,..,..,..,..,..,..,..,..,..,..,..,47.3,..,..,..,..,..,..,..,..,..,..,..,..,..,..,..,..,..,..,..,..,..,..,..,..,..,..,..,..,..,..,..,..,..,..,..
"Contraceptive prevalence, any method (% of sexually active unmarried women ages 15-49)",SP.DYN.CONU.SA.ZS,Brazil,BRA,..,..,..,..,..,..,..,..,..,..,..,..,..,..,..,..,..,..,..,..,..,..,..,..,..,..,67.4,..,..,..,..,..,..,..,..,..,77.3,..,..,..,..,..,..,..,..,..,..,..,..,..,..,..,..,..,..,..,..,..,..,..,..,..,..,..
"Contraceptive prevalence, any method (% of sexually active unmarried women ages 15-49)",SP.DYN.CONU.SA.ZS,British Virgin Islands,VGB,..,..,..,..,..,..,..,..,..,..,..,..,..,..,..,..,..,..,..,..,..,..,..,..,..,..,..,..,..,..,..,..,..,..,..,..,..,..,..,..,..,..,..,..,..,..,..,..,..,..,..,..,..,..,..,..,..,..,..,..,..,..,..,..
"Contraceptive prevalence, any method (% of sexually active unmarried women ages 15-49)",SP.DYN.CONU.SA.ZS,Brunei Darussalam,BRN,..,..,..,..,..,..,..,..,..,..,..,..,..,..,..,..,..,..,..,..,..,..,..,..,..,..,..,..,..,..,..,..,..,..,..,..,..,..,..,..,..,..,..,..,..,..,..,..,..,..,..,..,..,..,..,..,..,..,..,..,..,..,..,..
"Contraceptive prevalence, any method (% of sexually active unmarried women ages 15-49)",SP.DYN.CONU.SA.ZS,Bulgaria,BGR,..,..,..,..,..,..,..,..,..,..,..,..,..,..,..,..,..,..,..,..,..,..,..,..,..,..,..,..,..,..,..,..,..,..,..,..,..,..,..,..,..,..,..,..,..,..,..,..,..,..,..,..,..,..,..,..,..,..,..,..,..,..,..,..
"Contraceptive prevalence, any method (% of sexually active unmarried women ages 15-49)",SP.DYN.CONU.SA.ZS,Burkina Faso,BFA,..,..,..,..,..,..,..,..,..,..,..,..,..,..,..,..,..,..,..,..,..,..,..,..,..,..,..,..,..,..,..,..,..,31.4,..,..,..,..,..,51.8,..,..,..,58.3,..,..,..,..,..,..,60,..,..,..,..,..,..,..,..,..,..,..,..,..
"Contraceptive prevalence, any method (% of sexually active unmarried women ages 15-49)",SP.DYN.CONU.SA.ZS,Burundi,BDI,..,..,..,..,..,..,..,..,..,..,..,..,..,..,..,..,..,..,..,..,..,..,..,..,..,..,..,25,..,..,..,..,..,..,..,..,..,..,..,..,..,..,..,..,..,..,..,..,..,..,27.7,..,..,..,..,..,..,37.5,..,..,..,..,..,..
"Contraceptive prevalence, any method (% of sexually active unmarried women ages 15-49)",SP.DYN.CONU.SA.ZS,Cabo Verde,CPV,..,..,..,..,..,..,..,..,..,..,..,..,..,..,..,..,..,..,..,..,..,..,..,..,..,..,..,..,..,..,..,..,..,..,..,..,..,..,..,..,..,..,..,..,..,..,..,..,..,..,..,..,..,..,..,..,..,..,..,..,..,..,..,..
"Contraceptive prevalence, any method (% of sexually active unmarried women ages 15-49)",SP.DYN.CONU.SA.ZS,Cambodia,KHM,..,..,..,..,..,..,..,..,..,..,..,..,..,..,..,..,..,..,..,..,..,..,..,..,..,..,..,..,..,..,..,..,..,..,..,..,..,..,..,..,35.4,..,..,..,..,..,..,..,..,..,25.9,..,..,..,58.1,..,..,..,..,..,..,..,..,..
"Contraceptive prevalence, any method (% of sexually active unmarried women ages 15-49)",SP.DYN.CONU.SA.ZS,Cameroon,CMR,..,..,..,..,..,..,..,..,..,..,..,..,..,..,..,..,..,..,..,..,..,..,..,..,..,..,..,..,..,..,..,54.6,..,..,..,..,..,..,62.9,..,..,..,..,..,68.5,..,..,..,..,..,..,58.4,..,..,..,..,..,..,46.8,..,..,..,..,..
"Contraceptive prevalence, any method (% of sexually active unmarried women ages 15-49)",SP.DYN.CONU.SA.ZS,Canada,CAN,..,..,..,..,..,..,..,..,..,..,..,..,..,..,..,..,..,..,..,..,..,..,..,..,..,..,..,..,..,..,..,..,..,..,..,..,..,..,..,..,..,..,..,..,..,..,..,..,..,..,..,..,..,..,..,..,..,..,..,..,..,..,..,..
"Contraceptive prevalence, any method (% of sexually active unmarried women ages 15-49)",SP.DYN.CONU.SA.ZS,Caribbean small states,CSS,..,..,..,..,..,..,..,..,..,..,..,..,..,..,..,..,..,..,..,..,..,..,..,..,..,..,..,..,..,..,..,..,..,..,..,..,..,..,..,..,..,..,..,..,..,..,..,..,..,..,..,..,..,..,..,..,..,..,..,..,..,..,..,..
"Contraceptive prevalence, any method (% of sexually active unmarried women ages 15-49)",SP.DYN.CONU.SA.ZS,Cayman Islands,CYM,..,..,..,..,..,..,..,..,..,..,..,..,..,..,..,..,..,..,..,..,..,..,..,..,..,..,..,..,..,..,..,..,..,..,..,..,..,..,..,..,..,..,..,..,..,..,..,..,..,..,..,..,..,..,..,..,..,..,..,..,..,..,..,..
"Contraceptive prevalence, any method (% of sexually active unmarried women ages 15-49)",SP.DYN.CONU.SA.ZS,Central African Republic,CAF,..,..,..,..,..,..,..,..,..,..,..,..,..,..,..,..,..,..,..,..,..,..,..,..,..,..,..,..,..,..,..,..,..,..,..,24.5,..,..,..,..,..,..,..,..,..,..,..,..,..,..,..,..,..,..,..,..,..,..,..,..,..,..,..,..
"Contraceptive prevalence, any method (% of sexually active unmarried women ages 15-49)",SP.DYN.CONU.SA.ZS,Central Europe and the Baltics,CEB,..,..,..,..,..,..,..,..,..,..,..,..,..,..,..,..,..,..,..,..,..,..,..,..,..,..,..,..,..,..,..,..,..,..,..,..,..,..,..,..,..,..,..,..,..,..,..,..,..,..,..,..,..,..,..,..,..,..,..,..,..,..,..,..
"Contraceptive prevalence, any method (% of sexually active unmarried women ages 15-49)",SP.DYN.CONU.SA.ZS,Chad,TCD,..,..,..,..,..,..,..,..,..,..,..,..,..,..,..,..,..,..,..,..,..,..,..,..,..,..,..,..,..,..,..,..,..,..,..,..,..,14.4,..,..,..,..,..,..,14.6,..,..,..,..,..,..,..,..,..,..,20.5,..,..,..,..,..,..,..,..
"Contraceptive prevalence, any method (% of sexually active unmarried women ages 15-49)",SP.DYN.CONU.SA.ZS,Channel Islands,CHI,..,..,..,..,..,..,..,..,..,..,..,..,..,..,..,..,..,..,..,..,..,..,..,..,..,..,..,..,..,..,..,..,..,..,..,..,..,..,..,..,..,..,..,..,..,..,..,..,..,..,..,..,..,..,..,..,..,..,..,..,..,..,..,..
"Contraceptive prevalence, any method (% of sexually active unmarried women ages 15-49)",SP.DYN.CONU.SA.ZS,Chile,CHL,..,..,..,..,..,..,..,..,..,..,..,..,..,..,..,..,..,..,..,..,..,..,..,..,..,..,..,..,..,..,..,..,..,..,..,..,..,..,..,..,..,..,..,..,..,..,..,..,..,..,..,..,..,..,..,..,..,..,..,..,..,..,..,..
"Contraceptive prevalence, any method (% of sexually active unmarried women ages 15-49)",SP.DYN.CONU.SA.ZS,China,CHN,..,..,..,..,..,..,..,..,..,..,..,..,..,..,..,..,..,..,..,..,..,..,..,..,..,..,..,..,..,..,..,..,..,..,..,..,..,..,..,..,..,..,..,..,..,..,..,..,..,..,..,..,..,..,..,..,..,..,..,..,..,..,..,..
"Contraceptive prevalence, any method (% of sexually active unmarried women ages 15-49)",SP.DYN.CONU.SA.ZS,Colombia,COL,..,..,..,..,..,..,..,..,..,..,..,..,..,..,..,..,..,..,..,..,..,..,..,..,..,..,64.2,..,..,..,65,..,..,..,..,74.9,..,..,..,..,84.1,..,..,..,..,81,..,..,..,..,81.6,..,..,..,..,82.5,..,..,..,..,..,..,..,..
"Contraceptive prevalence, any method (% of sexually active unmarried women ages 15-49)",SP.DYN.CONU.SA.ZS,Comoros,COM,..,..,..,..,..,..,..,..,..,..,..,..,..,..,..,..,..,..,..,..,..,..,..,..,..,..,..,..,..,..,..,..,..,..,..,..,58.2,..,..,..,..,..,..,..,..,..,..,..,..,..,..,..,59.8,..,..,..,..,..,..,..,..,..,..,..
"Contraceptive prevalence, any method (% of sexually active unmarried women ages 15-49)",SP.DYN.CONU.SA.ZS,"Congo, Dem. Rep.",COD,..,..,..,..,..,..,..,..,..,..,..,..,..,..,..,..,..,..,..,..,..,..,..,..,..,..,..,..,..,..,..,..,..,..,..,..,..,..,..,..,..,..,..,..,..,..,..,47.5,..,..,..,..,..,..,42.1,..,..,..,..,..,..,..,..,..
"Contraceptive prevalence, any method (% of sexually active unmarried women ages 15-49)",SP.DYN.CONU.SA.ZS,"Congo, Rep.",COG,..,..,..,..,..,..,..,..,..,..,..,..,..,..,..,..,..,..,..,..,..,..,..,..,..,..,..,..,..,..,..,..,..,..,..,..,..,..,..,..,..,..,..,..,..,73.3,..,..,..,..,..,..,70.4,..,..,..,..,..,..,..,..,..,..,..
"Contraceptive prevalence, any method (% of sexually active unmarried women ages 15-49)",SP.DYN.CONU.SA.ZS,Costa Rica,CRI,..,..,..,..,..,..,..,..,..,..,..,..,..,..,..,..,..,..,..,..,..,..,..,..,..,..,..,..,..,..,..,..,..,..,..,..,..,..,..,..,..,..,..,..,..,..,..,..,..,..,..,..,..,..,..,..,..,..,..,..,..,..,..,..
"Contraceptive prevalence, any method (% of sexually active unmarried women ages 15-49)",SP.DYN.CONU.SA.ZS,Cote d'Ivoire,CIV,..,..,..,..,..,..,..,..,..,..,..,..,..,..,..,..,..,..,..,..,..,..,..,..,..,..,..,..,..,..,..,..,..,..,49.1,..,..,..,..,56,..,..,..,..,..,..,..,..,..,..,..,..,39.4,..,..,..,..,..,..,..,..,..,..,..
"Contraceptive prevalence, any method (% of sexually active unmarried women ages 15-49)",SP.DYN.CONU.SA.ZS,Croatia,HRV,..,..,..,..,..,..,..,..,..,..,..,..,..,..,..,..,..,..,..,..,..,..,..,..,..,..,..,..,..,..,..,..,..,..,..,..,..,..,..,..,..,..,..,..,..,..,..,..,..,..,..,..,..,..,..,..,..,..,..,..,..,..,..,..
"Contraceptive prevalence, any method (% of sexually active unmarried women ages 15-49)",SP.DYN.CONU.SA.ZS,Cuba,CUB,..,..,..,..,..,..,..,..,..,..,..,..,..,..,..,..,..,..,..,..,..,..,..,..,..,..,..,..,..,..,..,..,..,..,..,..,..,..,..,..,..,..,..,..,..,..,..,..,..,..,..,..,..,..,..,..,..,..,..,..,..,..,..,..
"Contraceptive prevalence, any method (% of sexually active unmarried women ages 15-49)",SP.DYN.CONU.SA.ZS,Curacao,CUW,..,..,..,..,..,..,..,..,..,..,..,..,..,..,..,..,..,..,..,..,..,..,..,..,..,..,..,..,..,..,..,..,..,..,..,..,..,..,..,..,..,..,..,..,..,..,..,..,..,..,..,..,..,..,..,..,..,..,..,..,..,..,..,..
"Contraceptive prevalence, any method (% of sexually active unmarried women ages 15-49)",SP.DYN.CONU.SA.ZS,Cyprus,CYP,..,..,..,..,..,..,..,..,..,..,..,..,..,..,..,..,..,..,..,..,..,..,..,..,..,..,..,..,..,..,..,..,..,..,..,..,..,..,..,..,..,..,..,..,..,..,..,..,..,..,..,..,..,..,..,..,..,..,..,..,..,..,..,..
"Contraceptive prevalence, any method (% of sexually active unmarried women ages 15-49)",SP.DYN.CONU.SA.ZS,Czechia,CZE,..,..,..,..,..,..,..,..,..,..,..,..,..,..,..,..,..,..,..,..,..,..,..,..,..,..,..,..,..,..,..,..,..,..,..,..,..,..,..,..,..,..,..,..,..,..,..,..,..,..,..,..,..,..,..,..,..,..,..,..,..,..,..,..
"Contraceptive prevalence, any method (% of sexually active unmarried women ages 15-49)",SP.DYN.CONU.SA.ZS,Denmark,DNK,..,..,..,..,..,..,..,..,..,..,..,..,..,..,..,..,..,..,..,..,..,..,..,..,..,..,..,..,..,..,..,..,..,..,..,..,..,..,..,..,..,..,..,..,..,..,..,..,..,..,..,..,..,..,..,..,..,..,..,..,..,..,..,..
"Contraceptive prevalence, any method (% of sexually active unmarried women ages 15-49)",SP.DYN.CONU.SA.ZS,Djibouti,DJI,..,..,..,..,..,..,..,..,..,..,..,..,..,..,..,..,..,..,..,..,..,..,..,..,..,..,..,..,..,..,..,..,..,..,..,..,..,..,..,..,..,..,..,..,..,..,..,..,..,..,..,..,..,..,..,..,..,..,..,..,..,..,..,..
"Contraceptive prevalence, any method (% of sexually active unmarried women ages 15-49)",SP.DYN.CONU.SA.ZS,Dominica,DMA,..,..,..,..,..,..,..,..,..,..,..,..,..,..,..,..,..,..,..,..,..,..,..,..,..,..,..,..,..,..,..,..,..,..,..,..,..,..,..,..,..,..,..,..,..,..,..,..,..,..,..,..,..,..,..,..,..,..,..,..,..,..,..,..
"Contraceptive prevalence, any method (% of sexually active unmarried women ages 15-49)",SP.DYN.CONU.SA.ZS,Dominican Republic,DOM,..,..,..,..,..,..,..,..,..,..,..,..,..,..,..,..,..,..,..,..,..,..,..,..,..,..,..,..,..,..,..,54.7,..,..,..,..,63.2,..,..,69.5,..,..,63.1,..,..,..,..,61.6,..,..,..,..,..,68.3,..,..,..,..,..,..,..,..,..,..
"Contraceptive prevalence, any method (% of sexually active unmarried women ages 15-49)",SP.DYN.CONU.SA.ZS,Early-demographic dividend,EAR,..,..,..,..,..,..,..,..,..,..,..,..,..,..,..,..,..,..,..,..,..,..,..,..,..,..,..,..,..,..,..,..,..,..,..,..,..,..,..,..,..,..,..,..,..,..,..,..,..,..,..,..,..,..,..,..,..,..,..,..,..,..,..,..
"Contraceptive prevalence, any method (% of sexually active unmarried women ages 15-49)",SP.DYN.CONU.SA.ZS,East Asia & Pacific,EAS,..,..,..,..,..,..,..,..,..,..,..,..,..,..,..,..,..,..,..,..,..,..,..,..,..,..,..,..,..,..,..,..,..,..,..,..,..,..,..,..,..,..,..,..,..,..,..,..,..,..,..,..,..,..,..,..,..,..,..,..,..,..,..,..
"Contraceptive prevalence, any method (% of sexually active unmarried women ages 15-49)",SP.DYN.CONU.SA.ZS,East Asia & Pacific (excluding high income),EAP,..,..,..,..,..,..,..,..,..,..,..,..,..,..,..,..,..,..,..,..,..,..,..,..,..,..,..,..,..,..,..,..,..,..,..,..,..,..,..,..,..,..,..,..,..,..,..,..,..,..,..,..,..,..,..,..,..,..,..,..,..,..,..,..
"Contraceptive prevalence, any method (% of sexually active unmarried women ages 15-49)",SP.DYN.CONU.SA.ZS,East Asia & Pacific (IDA & IBRD countries),TEA,..,..,..,..,..,..,..,..,..,..,..,..,..,..,..,..,..,..,..,..,..,..,..,..,..,..,..,..,..,..,..,..,..,..,..,..,..,..,..,..,..,..,..,..,..,..,..,..,..,..,..,..,..,..,..,..,..,..,..,..,..,..,..,..
"Contraceptive prevalence, any method (% of sexually active unmarried women ages 15-49)",SP.DYN.CONU.SA.ZS,Ecuador,ECU,..,..,..,..,..,..,..,..,..,..,..,..,..,..,..,..,..,..,..,..,..,..,..,..,..,..,..,..,..,..,..,..,..,..,..,..,..,..,..,..,..,..,..,..,..,..,..,..,..,..,..,..,..,..,..,..,..,..,..,..,..,..,..,..
"Contraceptive prevalence, any method (% of sexually active unmarried women ages 15-49)",SP.DYN.CONU.SA.ZS,"Egypt, Arab Rep.",EGY,..,..,..,..,..,..,..,..,..,..,..,..,..,..,..,..,..,..,..,..,..,..,..,..,..,..,..,..,..,..,..,..,..,..,..,..,..,..,..,..,..,..,..,..,..,..,..,..,..,..,..,..,..,..,..,..,..,..,..,..,..,..,..,..
"Contraceptive prevalence, any method (% of sexually active unmarried women ages 15-49)",SP.DYN.CONU.SA.ZS,El Salvador,SLV,..,..,..,..,..,..,..,..,..,..,..,..,..,..,..,..,..,..,..,..,..,..,..,..,..,..,..,..,..,..,..,..,..,..,..,..,..,..,..,..,..,..,..,..,..,..,..,..,..,..,..,..,..,..,..,..,..,..,..,..,..,..,..,..
"Contraceptive prevalence, any method (% of sexually active unmarried women ages 15-49)",SP.DYN.CONU.SA.ZS,Equatorial Guinea,GNQ,..,..,..,..,..,..,..,..,..,..,..,..,..,..,..,..,..,..,..,..,..,..,..,..,..,..,..,..,..,..,..,..,..,..,..,..,..,..,..,..,..,..,..,..,..,..,..,..,..,..,..,..,..,..,..,..,..,..,..,..,..,..,..,..
"Contraceptive prevalence, any method (% of sexually active unmarried women ages 15-49)",SP.DYN.CONU.SA.ZS,Eritrea,ERI,..,..,..,..,..,..,..,..,..,..,..,..,..,..,..,..,..,..,..,..,..,..,..,..,..,..,..,..,..,..,..,..,..,..,..,52.9,..,..,..,..,..,..,26.6,..,..,..,..,..,..,..,..,..,..,..,..,..,..,..,..,..,..,..,..,..
"Contraceptive prevalence, any method (% of sexually active unmarried women ages 15-49)",SP.DYN.CONU.SA.ZS,Estonia,EST,..,..,..,..,..,..,..,..,..,..,..,..,..,..,..,..,..,..,..,..,..,..,..,..,..,..,..,..,..,..,..,..,..,..,..,..,..,..,..,..,..,..,..,..,..,..,..,..,..,..,..,..,..,..,..,..,..,..,..,..,..,..,..,..
"Contraceptive prevalence, any method (% of sexually active unmarried women ages 15-49)",SP.DYN.CONU.SA.ZS,Eswatini,SWZ,..,..,..,..,..,..,..,..,..,..,..,..,..,..,..,..,..,..,..,..,..,..,..,..,..,..,..,..,..,..,..,..,..,..,..,..,..,..,..,..,..,..,..,..,..,..,..,64.5,..,..,..,..,..,..,..,..,..,..,..,..,..,..,..,..
"Contraceptive prevalence, any method (% of sexually active unmarried women ages 15-49)",SP.DYN.CONU.SA.ZS,Ethiopia,ETH,..,..,..,..,..,..,..,..,..,..,..,..,..,..,..,..,..,..,..,..,..,..,..,..,..,..,..,..,..,..,..,..,..,..,..,..,..,..,..,..,40.8,..,..,..,..,54.9,..,..,..,..,..,56.7,..,..,..,..,58.1,..,..,..,..,..,..,..
"Contraceptive prevalence, any method (% of sexually active unmarried women ages 15-49)",SP.DYN.CONU.SA.ZS,Euro area,EMU,..,..,..,..,..,..,..,..,..,..,..,..,..,..,..,..,..,..,..,..,..,..,..,..,..,..,..,..,..,..,..,..,..,..,..,..,..,..,..,..,..,..,..,..,..,..,..,..,..,..,..,..,..,..,..,..,..,..,..,..,..,..,..,..
"Contraceptive prevalence, any method (% of sexually active unmarried women ages 15-49)",SP.DYN.CONU.SA.ZS,Europe & Central Asia,ECS,..,..,..,..,..,..,..,..,..,..,..,..,..,..,..,..,..,..,..,..,..,..,..,..,..,..,..,..,..,..,..,..,..,..,..,..,..,..,..,..,..,..,..,..,..,..,..,..,..,..,..,..,..,..,..,..,..,..,..,..,..,..,..,..
"Contraceptive prevalence, any method (% of sexually active unmarried women ages 15-49)",SP.DYN.CONU.SA.ZS,Europe & Central Asia (excluding high income),ECA,..,..,..,..,..,..,..,..,..,..,..,..,..,..,..,..,..,..,..,..,..,..,..,..,..,..,..,..,..,..,..,..,..,..,..,..,..,..,..,..,..,..,..,..,..,..,..,..,..,..,..,..,..,..,..,..,..,..,..,..,..,..,..,..
"Contraceptive prevalence, any method (% of sexually active unmarried women ages 15-49)",SP.DYN.CONU.SA.ZS,Europe & Central Asia (IDA & IBRD countries),TEC,..,..,..,..,..,..,..,..,..,..,..,..,..,..,..,..,..,..,..,..,..,..,..,..,..,..,..,..,..,..,..,..,..,..,..,..,..,..,..,..,..,..,..,..,..,..,..,..,..,..,..,..,..,..,..,..,..,..,..,..,..,..,..,..
"Contraceptive prevalence, any method (% of sexually active unmarried women ages 15-49)",SP.DYN.CONU.SA.ZS,European Union,EUU,..,..,..,..,..,..,..,..,..,..,..,..,..,..,..,..,..,..,..,..,..,..,..,..,..,..,..,..,..,..,..,..,..,..,..,..,..,..,..,..,..,..,..,..,..,..,..,..,..,..,..,..,..,..,..,..,..,..,..,..,..,..,..,..
"Contraceptive prevalence, any method (% of sexually active unmarried women ages 15-49)",SP.DYN.CONU.SA.ZS,Faroe Islands,FRO,..,..,..,..,..,..,..,..,..,..,..,..,..,..,..,..,..,..,..,..,..,..,..,..,..,..,..,..,..,..,..,..,..,..,..,..,..,..,..,..,..,..,..,..,..,..,..,..,..,..,..,..,..,..,..,..,..,..,..,..,..,..,..,..
"Contraceptive prevalence, any method (% of sexually active unmarried women ages 15-49)",SP.DYN.CONU.SA.ZS,Fiji,FJI,..,..,..,..,..,..,..,..,..,..,..,..,..,..,..,..,..,..,..,..,..,..,..,..,..,..,..,..,..,..,..,..,..,..,..,..,..,..,..,..,..,..,..,..,..,..,..,..,..,..,..,..,..,..,..,..,..,..,..,..,..,..,..,..
"Contraceptive prevalence, any method (% of sexually active unmarried women ages 15-49)",SP.DYN.CONU.SA.ZS,Finland,FIN,..,..,..,..,..,..,..,..,..,..,..,..,..,..,..,..,..,..,..,..,..,..,..,..,..,..,..,..,..,..,..,..,..,..,..,..,..,..,..,..,..,..,..,..,..,..,..,..,..,..,..,..,..,..,..,..,..,..,..,..,..,..,..,..
"Contraceptive prevalence, any method (% of sexually active unmarried women ages 15-49)",SP.DYN.CONU.SA.ZS,Fragile and conflict affected situations,FCS,..,..,..,..,..,..,..,..,..,..,..,..,..,..,..,..,..,..,..,..,..,..,..,..,..,..,..,..,..,..,..,..,..,..,..,..,..,..,..,..,..,..,..,..,..,..,..,..,..,..,..,..,..,..,..,..,..,..,..,..,..,..,..,..
"Contraceptive prevalence, any method (% of sexually active unmarried women ages 15-49)",SP.DYN.CONU.SA.ZS,France,FRA,..,..,..,..,..,..,..,..,..,..,..,..,..,..,..,..,..,..,..,..,..,..,..,..,..,..,..,..,..,..,..,..,..,..,..,..,..,..,..,..,..,..,..,..,..,..,..,..,..,..,..,..,..,..,..,..,..,..,..,..,..,..,..,..
"Contraceptive prevalence, any method (% of sexually active unmarried women ages 15-49)",SP.DYN.CONU.SA.ZS,French Polynesia,PYF,..,..,..,..,..,..,..,..,..,..,..,..,..,..,..,..,..,..,..,..,..,..,..,..,..,..,..,..,..,..,..,..,..,..,..,..,..,..,..,..,..,..,..,..,..,..,..,..,..,..,..,..,..,..,..,..,..,..,..,..,..,..,..,..
"Contraceptive prevalence, any method (% of sexually active unmarried women ages 15-49)",SP.DYN.CONU.SA.ZS,Gabon,GAB,..,..,..,..,..,..,..,..,..,..,..,..,..,..,..,..,..,..,..,..,..,..,..,..,..,..,..,..,..,..,..,..,..,..,..,..,..,..,..,..,60.1,..,..,..,..,..,..,..,..,..,..,..,56.2,..,..,..,..,..,..,..,..,..,..,..
"Contraceptive prevalence, any method (% of sexually active unmarried women ages 15-49)",SP.DYN.CONU.SA.ZS,"Gambia, The",GMB,..,..,..,..,..,..,..,..,..,..,..,..,..,..,..,..,..,..,..,..,..,..,..,..,..,..,..,..,..,..,..,..,..,..,..,..,..,..,..,..,..,..,..,..,..,..,..,..,..,..,..,..,..,43.8,..,..,..,..,..,..,41.4,..,..,..
"Contraceptive prevalence, any method (% of sexually active unmarried women ages 15-49)",SP.DYN.CONU.SA.ZS,Georgia,GEO,..,..,..,..,..,..,..,..,..,..,..,..,..,..,..,..,..,..,..,..,..,..,..,..,..,..,..,..,..,..,..,..,..,..,..,..,..,..,..,..,..,..,..,..,..,..,..,..,..,..,..,..,..,..,..,..,..,..,..,..,..,..,..,..
"Contraceptive prevalence, any method (% of sexually active unmarried women ages 15-49)",SP.DYN.CONU.SA.ZS,Germany,DEU,..,..,..,..,..,..,..,..,..,..,..,..,..,..,..,..,..,..,..,..,..,..,..,..,..,..,..,..,..,..,..,..,..,..,..,..,..,..,..,..,..,..,..,..,..,..,..,..,..,..,..,..,..,..,..,..,..,..,..,..,..,..,..,..
"Contraceptive prevalence, any method (% of sexually active unmarried women ages 15-49)",SP.DYN.CONU.SA.ZS,Ghana,GHA,..,..,..,..,..,..,..,..,..,..,..,..,..,..,..,..,..,..,..,..,..,..,..,..,..,..,..,..,28.3,..,..,..,..,38.8,..,..,..,..,37,..,..,..,..,43.4,..,..,..,..,50.4,..,..,..,..,..,44.5,..,..,..,..,..,..,..,..,..
"Contraceptive prevalence, any method (% of sexually active unmarried women ages 15-49)",SP.DYN.CONU.SA.ZS,Gibraltar,GIB,..,..,..,..,..,..,..,..,..,..,..,..,..,..,..,..,..,..,..,..,..,..,..,..,..,..,..,..,..,..,..,..,..,..,..,..,..,..,..,..,..,..,..,..,..,..,..,..,..,..,..,..,..,..,..,..,..,..,..,..,..,..,..,..
"Contraceptive prevalence, any method (% of sexually active unmarried women ages 15-49)",SP.DYN.CONU.SA.ZS,Greece,GRC,..,..,..,..,..,..,..,..,..,..,..,..,..,..,..,..,..,..,..,..,..,..,..,..,..,..,..,..,..,..,..,..,..,..,..,..,..,..,..,..,..,..,..,..,..,..,..,..,..,..,..,..,..,..,..,..,..,..,..,..,..,..,..,..
"Contraceptive prevalence, any method (% of sexually active unmarried women ages 15-49)",SP.DYN.CONU.SA.ZS,Greenland,GRL,..,..,..,..,..,..,..,..,..,..,..,..,..,..,..,..,..,..,..,..,..,..,..,..,..,..,..,..,..,..,..,..,..,..,..,..,..,..,..,..,..,..,..,..,..,..,..,..,..,..,..,..,..,..,..,..,..,..,..,..,..,..,..,..
"Contraceptive prevalence, any method (% of sexually active unmarried women ages 15-49)",SP.DYN.CONU.SA.ZS,Grenada,GRD,..,..,..,..,..,..,..,..,..,..,..,..,..,..,..,..,..,..,..,..,..,..,..,..,..,..,..,..,..,..,..,..,..,..,..,..,..,..,..,..,..,..,..,..,..,..,..,..,..,..,..,..,..,..,..,..,..,..,..,..,..,..,..,..
"Contraceptive prevalence, any method (% of sexually active unmarried women ages 15-49)",SP.DYN.CONU.SA.ZS,Guam,GUM,..,..,..,..,..,..,..,..,..,..,..,..,..,..,..,..,..,..,..,..,..,..,..,..,..,..,..,..,..,..,..,..,..,..,..,..,..,..,..,..,..,..,..,..,..,..,..,..,..,..,..,..,..,..,..,..,..,..,..,..,..,..,..,..
"Contraceptive prevalence, any method (% of sexually active unmarried women ages 15-49)",SP.DYN.CONU.SA.ZS,Guatemala,GTM,..,..,..,..,..,..,..,..,..,..,..,..,..,..,..,..,..,..,..,..,..,..,..,..,..,..,..,42.2,..,..,..,..,..,..,..,41.7,..,..,..,48.4,..,..,..,..,..,..,..,..,..,..,..,..,..,..,..,67.5,..,..,..,..,..,..,..,..
"Contraceptive prevalence, any method (% of sexually active unmarried women ages 15-49)",SP.DYN.CONU.SA.ZS,Guinea,GIN,..,..,..,..,..,..,..,..,..,..,..,..,..,..,..,..,..,..,..,..,..,..,..,..,..,..,..,..,..,..,..,..,..,..,..,..,..,..,..,50.5,..,..,..,..,..,45.5,..,..,..,..,..,..,48.7,..,..,..,..,..,52.3,..,..,..,..,..
"Contraceptive prevalence, any method (% of sexually active unmarried women ages 15-49)",SP.DYN.CONU.SA.ZS,Guinea-Bissau,GNB,..,..,..,..,..,..,..,..,..,..,..,..,..,..,..,..,..,..,..,..,..,..,..,..,..,..,..,..,..,..,..,..,..,..,..,..,..,..,..,..,..,..,..,..,..,..,..,..,..,..,..,..,..,..,..,..,..,..,..,..,..,..,..,..
"Contraceptive prevalence, any method (% of sexually active unmarried women ages 15-49)",SP.DYN.CONU.SA.ZS,Guyana,GUY,..,..,..,..,..,..,..,..,..,..,..,..,..,..,..,..,..,..,..,..,..,..,..,..,..,..,..,..,..,..,..,..,..,..,..,..,..,..,..,..,..,..,..,..,..,..,..,..,..,63.6,..,..,..,..,..,..,..,..,..,..,..,..,..,..
"Contraceptive prevalence, any method (% of sexually active unmarried women ages 15-49)",SP.DYN.CONU.SA.ZS,Haiti,HTI,..,..,..,..,..,..,..,..,..,..,..,..,..,..,..,..,..,..,..,..,..,..,..,..,..,..,..,..,..,..,..,..,..,..,..,28.1,..,..,..,..,39.7,..,..,..,..,..,40.5,..,..,..,..,..,37.2,..,..,..,..,34.2,..,..,..,..,..,..
"Contraceptive prevalence, any method (% of sexually active unmarried women ages 15-49)",SP.DYN.CONU.SA.ZS,Heavily indebted poor countries (HIPC),HPC,..,..,..,..,..,..,..,..,..,..,..,..,..,..,..,..,..,..,..,..,..,..,..,..,..,..,..,..,..,..,..,..,..,..,..,..,..,..,..,..,..,..,..,..,..,..,..,..,..,..,..,..,..,..,..,..,..,..,..,..,..,..,..,..
"Contraceptive prevalence, any method (% of sexually active unmarried women ages 15-49)",SP.DYN.CONU.SA.ZS,High income,HIC,..,..,..,..,..,..,..,..,..,..,..,..,..,..,..,..,..,..,..,..,..,..,..,..,..,..,..,..,..,..,..,..,..,..,..,..,..,..,..,..,..,..,..,..,..,..,..,..,..,..,..,..,..,..,..,..,..,..,..,..,..,..,..,..
"Contraceptive prevalence, any method (% of sexually active unmarried women ages 15-49)",SP.DYN.CONU.SA.ZS,Honduras,HND,..,..,..,..,..,..,..,..,..,..,..,..,..,..,..,..,..,..,..,..,..,..,..,..,..,..,..,..,..,..,..,..,..,..,..,..,..,..,..,..,..,..,..,..,..,..,71.4,..,..,..,..,..,77.5,..,..,..,..,..,..,..,..,..,..,..
"Contraceptive prevalence, any method (% of sexually active unmarried women ages 15-49)",SP.DYN.CONU.SA.ZS,"Hong Kong SAR, China",HKG,..,..,..,..,..,..,..,..,..,..,..,..,..,..,..,..,..,..,..,..,..,..,..,..,..,..,..,..,..,..,..,..,..,..,..,..,..,..,..,..,..,..,..,..,..,..,..,..,..,..,..,..,..,..,..,..,..,..,..,..,..,..,..,..
"Contraceptive prevalence, any method (% of sexually active unmarried women ages 15-49)",SP.DYN.CONU.SA.ZS,Hungary,HUN,..,..,..,..,..,..,..,..,..,..,..,..,..,..,..,..,..,..,..,..,..,..,..,..,..,..,..,..,..,..,..,..,..,..,..,..,..,..,..,..,..,..,..,..,..,..,..,..,..,..,..,..,..,..,..,..,..,..,..,..,..,..,..,..
"Contraceptive prevalence, any method (% of sexually active unmarried women ages 15-49)",SP.DYN.CONU.SA.ZS,IBRD only,IBD,..,..,..,..,..,..,..,..,..,..,..,..,..,..,..,..,..,..,..,..,..,..,..,..,..,..,..,..,..,..,..,..,..,..,..,..,..,..,..,..,..,..,..,..,..,..,..,..,..,..,..,..,..,..,..,..,..,..,..,..,..,..,..,..
"Contraceptive prevalence, any method (% of sexually active unmarried women ages 15-49)",SP.DYN.CONU.SA.ZS,Iceland,ISL,..,..,..,..,..,..,..,..,..,..,..,..,..,..,..,..,..,..,..,..,..,..,..,..,..,..,..,..,..,..,..,..,..,..,..,..,..,..,..,..,..,..,..,..,..,..,..,..,..,..,..,..,..,..,..,..,..,..,..,..,..,..,..,..
"Contraceptive prevalence, any method (% of sexually active unmarried women ages 15-49)",SP.DYN.CONU.SA.ZS,IDA & IBRD total,IBT,..,..,..,..,..,..,..,..,..,..,..,..,..,..,..,..,..,..,..,..,..,..,..,..,..,..,..,..,..,..,..,..,..,..,..,..,..,..,..,..,..,..,..,..,..,..,..,..,..,..,..,..,..,..,..,..,..,..,..,..,..,..,..,..
"Contraceptive prevalence, any method (% of sexually active unmarried women ages 15-49)",SP.DYN.CONU.SA.ZS,IDA blend,IDB,..,..,..,..,..,..,..,..,..,..,..,..,..,..,..,..,..,..,..,..,..,..,..,..,..,..,..,..,..,..,..,..,..,..,..,..,..,..,..,..,..,..,..,..,..,..,..,..,..,..,..,..,..,..,..,..,..,..,..,..,..,..,..,..
"Contraceptive prevalence, any method (% of sexually active unmarried women ages 15-49)",SP.DYN.CONU.SA.ZS,IDA only,IDX,..,..,..,..,..,..,..,..,..,..,..,..,..,..,..,..,..,..,..,..,..,..,..,..,..,..,..,..,..,..,..,..,..,..,..,..,..,..,..,..,..,..,..,..,..,..,..,..,..,..,..,..,..,..,..,..,..,..,..,..,..,..,..,..
"Contraceptive prevalence, any method (% of sexually active unmarried women ages 15-49)",SP.DYN.CONU.SA.ZS,IDA total,IDA,..,..,..,..,..,..,..,..,..,..,..,..,..,..,..,..,..,..,..,..,..,..,..,..,..,..,..,..,..,..,..,..,..,..,..,..,..,..,..,..,..,..,..,..,..,..,..,..,..,..,..,..,..,..,..,..,..,..,..,..,..,..,..,..
"Contraceptive prevalence, any method (% of sexually active unmarried women ages 15-49)",SP.DYN.CONU.SA.ZS,India,IND,..,..,..,..,..,..,..,..,..,..,..,..,..,..,..,..,..,..,..,..,..,..,..,..,..,..,..,..,..,..,..,..,..,..,..,..,..,..,..,..,..,..,..,..,..,..,59.7,..,..,..,..,..,..,..,..,..,42.6,..,..,..,..,..,..,..
"Contraceptive prevalence, any method (% of sexually active unmarried women ages 15-49)",SP.DYN.CONU.SA.ZS,Indonesia,IDN,..,..,..,..,..,..,..,..,..,..,..,..,..,..,..,..,..,..,..,..,..,..,..,..,..,..,..,..,..,..,..,..,..,..,..,..,..,..,..,..,..,..,..,..,..,..,..,..,..,..,..,..,26.7,..,..,..,..,31,..,..,..,..,..,..
"Contraceptive prevalence, any method (% of sexually active unmarried women ages 15-49)",SP.DYN.CONU.SA.ZS,"Iran, Islamic Rep.",IRN,..,..,..,..,..,..,..,..,..,..,..,..,..,..,..,..,..,..,..,..,..,..,..,..,..,..,..,..,..,..,..,..,..,..,..,..,..,..,..,..,..,..,..,..,..,..,..,..,..,..,..,..,..,..,..,..,..,..,..,..,..,..,..,..
"Contraceptive prevalence, any method (% of sexually active unmarried women ages 15-49)",SP.DYN.CONU.SA.ZS,Iraq,IRQ,..,..,..,..,..,..,..,..,..,..,..,..,..,..,..,..,..,..,..,..,..,..,..,..,..,..,..,..,..,..,..,..,..,..,..,..,..,..,..,..,..,..,..,..,..,..,..,..,..,..,..,..,..,..,..,..,..,..,..,..,..,..,..,..
"Contraceptive prevalence, any method (% of sexually active unmarried women ages 15-49)",SP.DYN.CONU.SA.ZS,Ireland,IRL,..,..,..,..,..,..,..,..,..,..,..,..,..,..,..,..,..,..,..,..,..,..,..,..,..,..,..,..,..,..,..,..,..,..,..,..,..,..,..,..,..,..,..,..,..,..,..,..,..,..,..,..,..,..,..,..,..,..,..,..,..,..,..,..
"Contraceptive prevalence, any method (% of sexually active unmarried women ages 15-49)",SP.DYN.CONU.SA.ZS,Isle of Man,IMN,..,..,..,..,..,..,..,..,..,..,..,..,..,..,..,..,..,..,..,..,..,..,..,..,..,..,..,..,..,..,..,..,..,..,..,..,..,..,..,..,..,..,..,..,..,..,..,..,..,..,..,..,..,..,..,..,..,..,..,..,..,..,..,..
"Contraceptive prevalence, any method (% of sexually active unmarried women ages 15-49)",SP.DYN.CONU.SA.ZS,Israel,ISR,..,..,..,..,..,..,..,..,..,..,..,..,..,..,..,..,..,..,..,..,..,..,..,..,..,..,..,..,..,..,..,..,..,..,..,..,..,..,..,..,..,..,..,..,..,..,..,..,..,..,..,..,..,..,..,..,..,..,..,..,..,..,..,..
"Contraceptive prevalence, any method (% of sexually active unmarried women ages 15-49)",SP.DYN.CONU.SA.ZS,Italy,ITA,..,..,..,..,..,..,..,..,..,..,..,..,..,..,..,..,..,..,..,..,..,..,..,..,..,..,..,..,..,..,..,..,..,..,..,..,..,..,..,..,..,..,..,..,..,..,..,..,..,..,..,..,..,..,..,..,..,..,..,..,..,..,..,..
"Contraceptive prevalence, any method (% of sexually active unmarried women ages 15-49)",SP.DYN.CONU.SA.ZS,Jamaica,JAM,..,..,..,..,..,..,..,..,..,..,..,..,..,..,..,..,..,..,..,..,..,..,..,..,..,..,..,..,..,..,..,..,..,..,..,..,..,..,..,..,..,..,..,..,..,..,..,..,..,..,..,..,..,..,..,..,..,..,..,..,..,..,..,..
"Contraceptive prevalence, any method (% of sexually active unmarried women ages 15-49)",SP.DYN.CONU.SA.ZS,Japan,JPN,..,..,..,..,..,..,..,..,..,..,..,..,..,..,..,..,..,..,..,..,..,..,..,..,..,..,..,..,..,..,..,..,..,..,..,..,..,..,..,..,..,..,..,..,..,..,..,..,..,..,..,..,..,..,..,..,..,..,..,..,..,..,..,..
"Contraceptive prevalence, any method (% of sexually active unmarried women ages 15-49)",SP.DYN.CONU.SA.ZS,Jordan,JOR,..,..,..,..,..,..,..,..,..,..,..,..,..,..,..,..,..,..,..,..,..,..,..,..,..,..,..,..,..,..,..,..,..,..,..,..,..,..,..,..,..,..,..,..,..,..,..,..,..,..,..,..,..,..,..,..,..,..,..,..,..,..,..,..
"Contraceptive prevalence, any method (% of sexually active unmarried women ages 15-49)",SP.DYN.CONU.SA.ZS,Kazakhstan,KAZ,..,..,..,..,..,..,..,..,..,..,..,..,..,..,..,..,..,..,..,..,..,..,..,..,..,..,..,..,..,..,..,..,..,..,..,57.9,..,..,..,68.6,..,..,..,..,..,..,..,..,..,..,..,..,..,..,..,..,..,..,..,..,..,..,..,..
"Contraceptive prevalence, any method (% of sexually active unmarried women ages 15-49)",SP.DYN.CONU.SA.ZS,Kenya,KEN,..,..,..,..,..,..,..,..,..,..,..,..,..,..,..,..,..,..,..,..,..,..,..,..,..,..,..,..,..,35.5,..,..,..,38,..,..,..,..,46.5,..,..,..,..,54.4,..,..,..,..,..,50.3,..,..,..,..,65.4,..,..,..,..,..,..,..,..,..
"Contraceptive prevalence, any method (% of sexually active unmarried women ages 15-49)",SP.DYN.CONU.SA.ZS,Kiribati,KIR,..,..,..,..,..,..,..,..,..,..,..,..,..,..,..,..,..,..,..,..,..,..,..,..,..,..,..,..,..,..,..,..,..,..,..,..,..,..,..,..,..,..,..,..,..,..,..,..,..,..,..,..,..,..,..,..,..,..,..,..,..,..,..,..
"Contraceptive prevalence, any method (% of sexually active unmarried women ages 15-49)",SP.DYN.CONU.SA.ZS,"Korea, Dem. People's Rep.",PRK,..,..,..,..,..,..,..,..,..,..,..,..,..,..,..,..,..,..,..,..,..,..,..,..,..,..,..,..,..,..,..,..,..,..,..,..,..,..,..,..,..,..,..,..,..,..,..,..,..,..,..,..,..,..,..,..,..,..,..,..,..,..,..,..
"Contraceptive prevalence, any method (% of sexually active unmarried women ages 15-49)",SP.DYN.CONU.SA.ZS,"Korea, Rep.",KOR,..,..,..,..,..,..,..,..,..,..,..,..,..,..,..,..,..,..,..,..,..,..,..,..,..,..,..,..,..,..,..,..,..,..,..,..,..,..,..,..,..,..,..,..,..,..,..,..,..,..,..,..,..,..,..,..,..,..,..,..,..,..,..,..
"Contraceptive prevalence, any method (% of sexually active unmarried women ages 15-49)",SP.DYN.CONU.SA.ZS,Kosovo,XKX,..,..,..,..,..,..,..,..,..,..,..,..,..,..,..,..,..,..,..,..,..,..,..,..,..,..,..,..,..,..,..,..,..,..,..,..,..,..,..,..,..,..,..,..,..,..,..,..,..,..,..,..,..,..,..,..,..,..,..,..,..,..,..,..
"Contraceptive prevalence, any method (% of sexually active unmarried women ages 15-49)",SP.DYN.CONU.SA.ZS,Kuwait,KWT,..,..,..,..,..,..,..,..,..,..,..,..,..,..,..,..,..,..,..,..,..,..,..,..,..,..,..,..,..,..,..,..,..,..,..,..,..,..,..,..,..,..,..,..,..,..,..,..,..,..,..,..,..,..,..,..,..,..,..,..,..,..,..,..
"Contraceptive prevalence, any method (% of sexually active unmarried women ages 15-49)",SP.DYN.CONU.SA.ZS,Kyrgyz Republic,KGZ,..,..,..,..,..,..,..,..,..,..,..,..,..,..,..,..,..,..,..,..,..,..,..,..,..,..,..,..,..,..,..,..,..,..,..,..,..,..,..,..,..,..,..,..,..,..,..,..,..,..,..,..,46.9,..,..,..,..,..,..,..,..,..,..,..
"Contraceptive prevalence, any method (% of sexually active unmarried women ages 15-49)",SP.DYN.CONU.SA.ZS,Lao PDR,LAO,..,..,..,..,..,..,..,..,..,..,..,..,..,..,..,..,..,..,..,..,..,..,..,..,..,..,..,..,..,..,..,..,..,..,..,..,..,..,..,..,..,..,..,..,..,..,..,..,..,..,..,..,..,..,..,..,..,..,..,..,..,..,..,..
"Contraceptive prevalence, any method (% of sexually active unmarried women ages 15-49)",SP.DYN.CONU.SA.ZS,Late-demographic dividend,LTE,..,..,..,..,..,..,..,..,..,..,..,..,..,..,..,..,..,..,..,..,..,..,..,..,..,..,..,..,..,..,..,..,..,..,..,..,..,..,..,..,..,..,..,..,..,..,..,..,..,..,..,..,..,..,..,..,..,..,..,..,..,..,..,..
"Contraceptive prevalence, any method (% of sexually active unmarried women ages 15-49)",SP.DYN.CONU.SA.ZS,Latin America & Caribbean,LCN,..,..,..,..,..,..,..,..,..,..,..,..,..,..,..,..,..,..,..,..,..,..,..,..,..,..,..,..,..,..,..,..,..,..,..,..,..,..,..,..,..,..,..,..,..,..,..,..,..,..,..,..,..,..,..,..,..,..,..,..,..,..,..,..
"Contraceptive prevalence, any method (% of sexually active unmarried women ages 15-49)",SP.DYN.CONU.SA.ZS,Latin America & Caribbean (excluding high income),LAC,..,..,..,..,..,..,..,..,..,..,..,..,..,..,..,..,..,..,..,..,..,..,..,..,..,..,..,..,..,..,..,..,..,..,..,..,..,..,..,..,..,..,..,..,..,..,..,..,..,..,..,..,..,..,..,..,..,..,..,..,..,..,..,..
"Contraceptive prevalence, any method (% of sexually active unmarried women ages 15-49)",SP.DYN.CONU.SA.ZS,Latin America & the Caribbean (IDA & IBRD countries),TLA,..,..,..,..,..,..,..,..,..,..,..,..,..,..,..,..,..,..,..,..,..,..,..,..,..,..,..,..,..,..,..,..,..,..,..,..,..,..,..,..,..,..,..,..,..,..,..,..,..,..,..,..,..,..,..,..,..,..,..,..,..,..,..,..
"Contraceptive prevalence, any method (% of sexually active unmarried women ages 15-49)",SP.DYN.CONU.SA.ZS,Latvia,LVA,..,..,..,..,..,..,..,..,..,..,..,..,..,..,..,..,..,..,..,..,..,..,..,..,..,..,..,..,..,..,..,..,..,..,..,..,..,..,..,..,..,..,..,..,..,..,..,..,..,..,..,..,..,..,..,..,..,..,..,..,..,..,..,..
"Contraceptive prevalence, any method (% of sexually active unmarried women ages 15-49)",SP.DYN.CONU.SA.ZS,Least developed countries: UN classification,LDC,..,..,..,..,..,..,..,..,..,..,..,..,..,..,..,..,..,..,..,..,..,..,..,..,..,..,..,..,..,..,..,..,..,..,..,..,..,..,..,..,..,..,..,..,..,..,..,..,..,..,..,..,..,..,..,..,..,..,..,..,..,..,..,..
"Contraceptive prevalence, any method (% of sexually active unmarried women ages 15-49)",SP.DYN.CONU.SA.ZS,Lebanon,LBN,..,..,..,..,..,..,..,..,..,..,..,..,..,..,..,..,..,..,..,..,..,..,..,..,..,..,..,..,..,..,..,..,..,..,..,..,..,..,..,..,..,..,..,..,..,..,..,..,..,..,..,..,..,..,..,..,..,..,..,..,..,..,..,..
"Contraceptive prevalence, any method (% of sexually active unmarried women ages 15-49)",SP.DYN.CONU.SA.ZS,Lesotho,LSO,..,..,..,..,..,..,..,..,..,..,..,..,..,..,..,..,..,..,..,..,..,..,..,..,..,..,..,..,..,..,..,..,..,..,..,..,..,..,..,..,..,..,..,..,48,..,..,..,..,57.8,..,..,..,..,73.4,..,..,..,..,..,..,..,..,..
"Contraceptive prevalence, any method (% of sexually active unmarried women ages 15-49)",SP.DYN.CONU.SA.ZS,Liberia,LBR,..,..,..,..,..,..,..,..,..,..,..,..,..,..,..,..,..,..,..,..,..,..,..,..,..,..,18.7,..,..,..,..,..,..,..,..,..,..,..,..,..,..,..,..,..,..,..,..,27.3,..,..,..,..,..,36.9,..,..,31,..,..,..,46,..,..,..
"Contraceptive prevalence, any method (% of sexually active unmarried women ages 15-49)",SP.DYN.CONU.SA.ZS,Libya,LBY,..,..,..,..,..,..,..,..,..,..,..,..,..,..,..,..,..,..,..,..,..,..,..,..,..,..,..,..,..,..,..,..,..,..,..,..,..,..,..,..,..,..,..,..,..,..,..,..,..,..,..,..,..,..,..,..,..,..,..,..,..,..,..,..
"Contraceptive prevalence, any method (% of sexually active unmarried women ages 15-49)",SP.DYN.CONU.SA.ZS,Liechtenstein,LIE,..,..,..,..,..,..,..,..,..,..,..,..,..,..,..,..,..,..,..,..,..,..,..,..,..,..,..,..,..,..,..,..,..,..,..,..,..,..,..,..,..,..,..,..,..,..,..,..,..,..,..,..,..,..,..,..,..,..,..,..,..,..,..,..
"Contraceptive prevalence, any method (% of sexually active unmarried women ages 15-49)",SP.DYN.CONU.SA.ZS,Lithuania,LTU,..,..,..,..,..,..,..,..,..,..,..,..,..,..,..,..,..,..,..,..,..,..,..,..,..,..,..,..,..,..,..,..,..,..,..,..,..,..,..,..,..,..,..,..,..,..,..,..,..,..,..,..,..,..,..,..,..,..,..,..,..,..,..,..
"Contraceptive prevalence, any method (% of sexually active unmarried women ages 15-49)",SP.DYN.CONU.SA.ZS,Low & middle income,LMY,..,..,..,..,..,..,..,..,..,..,..,..,..,..,..,..,..,..,..,..,..,..,..,..,..,..,..,..,..,..,..,..,..,..,..,..,..,..,..,..,..,..,..,..,..,..,..,..,..,..,..,..,..,..,..,..,..,..,..,..,..,..,..,..
"Contraceptive prevalence, any method (% of sexually active unmarried women ages 15-49)",SP.DYN.CONU.SA.ZS,Low income,LIC,..,..,..,..,..,..,..,..,..,..,..,..,..,..,..,..,..,..,..,..,..,..,..,..,..,..,..,..,..,..,..,..,..,..,..,..,..,..,..,..,..,..,..,..,..,..,..,..,..,..,..,..,..,..,..,..,..,..,..,..,..,..,..,..
"Contraceptive prevalence, any method (% of sexually active unmarried women ages 15-49)",SP.DYN.CONU.SA.ZS,Lower middle income,LMC,..,..,..,..,..,..,..,..,..,..,..,..,..,..,..,..,..,..,..,..,..,..,..,..,..,..,..,..,..,..,..,..,..,..,..,..,..,..,..,..,..,..,..,..,..,..,..,..,..,..,..,..,..,..,..,..,..,..,..,..,..,..,..,..
"Contraceptive prevalence, any method (% of sexually active unmarried women ages 15-49)",SP.DYN.CONU.SA.ZS,Luxembourg,LUX,..,..,..,..,..,..,..,..,..,..,..,..,..,..,..,..,..,..,..,..,..,..,..,..,..,..,..,..,..,..,..,..,..,..,..,..,..,..,..,..,..,..,..,..,..,..,..,..,..,..,..,..,..,..,..,..,..,..,..,..,..,..,..,..
"Contraceptive prevalence, any method (% of sexually active unmarried women ages 15-49)",SP.DYN.CONU.SA.ZS,"Macao SAR, China",MAC,..,..,..,..,..,..,..,..,..,..,..,..,..,..,..,..,..,..,..,..,..,..,..,..,..,..,..,..,..,..,..,..,..,..,..,..,..,..,..,..,..,..,..,..,..,..,..,..,..,..,..,..,..,..,..,..,..,..,..,..,..,..,..,..
"Contraceptive prevalence, any method (% of sexually active unmarried women ages 15-49)",SP.DYN.CONU.SA.ZS,Madagascar,MDG,..,..,..,..,..,..,..,..,..,..,..,..,..,..,..,..,..,..,..,..,..,..,..,..,..,..,..,..,..,..,..,..,20.8,..,..,..,..,26.1,..,..,..,..,..,..,37.7,..,..,..,..,43.1,..,..,..,..,..,..,..,..,..,..,..,..,..,..
"Contraceptive prevalence, any method (% of sexually active unmarried women ages 15-49)",SP.DYN.CONU.SA.ZS,Malawi,MWI,..,..,..,..,..,..,..,..,..,..,..,..,..,..,..,..,..,..,..,..,..,..,..,..,..,..,..,..,..,..,..,..,..,..,..,..,..,..,..,..,26.9,..,..,..,26.3,..,..,..,..,..,47.4,..,..,..,..,..,44.4,..,..,..,..,..,..,..
"Contraceptive prevalence, any method (% of sexually active unmarried women ages 15-49)",SP.DYN.CONU.SA.ZS,Malaysia,MYS,..,..,..,..,..,..,..,..,..,..,..,..,..,..,..,..,..,..,..,..,..,..,..,..,..,..,..,..,..,..,..,..,..,..,..,..,..,..,..,..,..,..,..,..,..,..,..,..,..,..,..,..,..,..,..,..,..,..,..,..,..,..,..,..
"Contraceptive prevalence, any method (% of sexually active unmarried women ages 15-49)",SP.DYN.CONU.SA.ZS,Maldives,MDV,..,..,..,..,..,..,..,..,..,..,..,..,..,..,..,..,..,..,..,..,..,..,..,..,..,..,..,..,..,..,..,..,..,..,..,..,..,..,..,..,..,..,..,..,..,..,..,..,..,..,..,..,..,..,..,..,..,9.8,..,..,..,..,..,..
"Contraceptive prevalence, any method (% of sexually active unmarried women ages 15-49)",SP.DYN.CONU.SA.ZS,Mali,MLI,..,..,..,..,..,..,..,..,..,..,..,..,..,..,..,..,..,..,..,..,..,..,..,..,..,..,..,..,..,..,..,..,..,..,..,..,41.6,..,..,..,..,32,..,..,..,..,27.6,..,..,..,..,..,..,34,..,..,..,..,36.4,..,..,..,..,..
"Contraceptive prevalence, any method (% of sexually active unmarried women ages 15-49)",SP.DYN.CONU.SA.ZS,Malta,MLT,..,..,..,..,..,..,..,..,..,..,..,..,..,..,..,..,..,..,..,..,..,..,..,..,..,..,..,..,..,..,..,..,..,..,..,..,..,..,..,..,..,..,..,..,..,..,..,..,..,..,..,..,..,..,..,..,..,..,..,..,..,..,..,..
"Contraceptive prevalence, any method (% of sexually active unmarried women ages 15-49)",SP.DYN.CONU.SA.ZS,Marshall Islands,MHL,..,..,..,..,..,..,..,..,..,..,..,..,..,..,..,..,..,..,..,..,..,..,..,..,..,..,..,..,..,..,..,..,..,..,..,..,..,..,..,..,..,..,..,..,..,..,..,..,..,..,..,..,..,..,..,..,..,..,..,..,..,..,..,..
"Contraceptive prevalence, any method (% of sexually active unmarried women ages 15-49)",SP.DYN.CONU.SA.ZS,Mauritania,MRT,..,..,..,..,..,..,..,..,..,..,..,..,..,..,..,..,..,..,..,..,..,..,..,..,..,..,..,..,..,..,..,..,..,..,..,..,..,..,..,..,..,5.3,..,..,..,..,..,..,..,..,..,..,..,..,..,..,..,..,..,..,..,..,..,..
"Contraceptive prevalence, any method (% of sexually active unmarried women ages 15-49)",SP.DYN.CONU.SA.ZS,Mauritius,MUS,..,..,..,..,..,..,..,..,..,..,..,..,..,..,..,..,..,..,..,..,..,..,..,..,..,..,..,..,..,..,..,..,..,..,..,..,..,..,..,..,..,..,..,..,..,..,..,..,..,..,..,..,..,..,..,..,..,..,..,..,..,..,..,..
"Contraceptive prevalence, any method (% of sexually active unmarried women ages 15-49)",SP.DYN.CONU.SA.ZS,Mexico,MEX,..,..,..,..,..,..,..,..,..,..,..,..,..,..,..,..,..,..,..,..,..,..,..,..,..,..,..,..,..,..,..,..,..,..,..,..,..,..,..,..,..,..,..,..,..,..,..,..,..,..,..,..,..,..,..,..,..,..,..,..,..,..,..,..
"Contraceptive prevalence, any method (% of sexually active unmarried women ages 15-49)",SP.DYN.CONU.SA.ZS,"Micronesia, Fed. Sts.",FSM,..,..,..,..,..,..,..,..,..,..,..,..,..,..,..,..,..,..,..,..,..,..,..,..,..,..,..,..,..,..,..,..,..,..,..,..,..,..,..,..,..,..,..,..,..,..,..,..,..,..,..,..,..,..,..,..,..,..,..,..,..,..,..,..
"Contraceptive prevalence, any method (% of sexually active unmarried women ages 15-49)",SP.DYN.CONU.SA.ZS,Middle East & North Africa,MEA,..,..,..,..,..,..,..,..,..,..,..,..,..,..,..,..,..,..,..,..,..,..,..,..,..,..,..,..,..,..,..,..,..,..,..,..,..,..,..,..,..,..,..,..,..,..,..,..,..,..,..,..,..,..,..,..,..,..,..,..,..,..,..,..
"Contraceptive prevalence, any method (% of sexually active unmarried women ages 15-49)",SP.DYN.CONU.SA.ZS,Middle East & North Africa (excluding high income),MNA,..,..,..,..,..,..,..,..,..,..,..,..,..,..,..,..,..,..,..,..,..,..,..,..,..,..,..,..,..,..,..,..,..,..,..,..,..,..,..,..,..,..,..,..,..,..,..,..,..,..,..,..,..,..,..,..,..,..,..,..,..,..,..,..
"Contraceptive prevalence, any method (% of sexually active unmarried women ages 15-49)",SP.DYN.CONU.SA.ZS,Middle East & North Africa (IDA & IBRD countries),TMN,..,..,..,..,..,..,..,..,..,..,..,..,..,..,..,..,..,..,..,..,..,..,..,..,..,..,..,..,..,..,..,..,..,..,..,..,..,..,..,..,..,..,..,..,..,..,..,..,..,..,..,..,..,..,..,..,..,..,..,..,..,..,..,..
"Contraceptive prevalence, any method (% of sexually active unmarried women ages 15-49)",SP.DYN.CONU.SA.ZS,Middle income,MIC,..,..,..,..,..,..,..,..,..,..,..,..,..,..,..,..,..,..,..,..,..,..,..,..,..,..,..,..,..,..,..,..,..,..,..,..,..,..,..,..,..,..,..,..,..,..,..,..,..,..,..,..,..,..,..,..,..,..,..,..,..,..,..,..
"Contraceptive prevalence, any method (% of sexually active unmarried women ages 15-49)",SP.DYN.CONU.SA.ZS,Moldova,MDA,..,..,..,..,..,..,..,..,..,..,..,..,..,..,..,..,..,..,..,..,..,..,..,..,..,..,..,..,..,..,..,..,..,..,..,..,..,..,..,..,..,..,..,..,..,66.8,..,..,..,..,..,..,..,..,..,..,..,..,..,..,..,..,..,..
"Contraceptive prevalence, any method (% of sexually active unmarried women ages 15-49)",SP.DYN.CONU.SA.ZS,Monaco,MCO,..,..,..,..,..,..,..,..,..,..,..,..,..,..,..,..,..,..,..,..,..,..,..,..,..,..,..,..,..,..,..,..,..,..,..,..,..,..,..,..,..,..,..,..,..,..,..,..,..,..,..,..,..,..,..,..,..,..,..,..,..,..,..,..
"Contraceptive prevalence, any method (% of sexually active unmarried women ages 15-49)",SP.DYN.CONU.SA.ZS,Mongolia,MNG,..,..,..,..,..,..,..,..,..,..,..,..,..,..,..,..,..,..,..,..,..,..,..,..,..,..,..,..,..,..,..,..,..,..,..,..,..,..,..,..,..,..,..,..,..,..,..,..,..,..,..,..,..,..,..,..,..,..,..,..,..,..,..,..
"Contraceptive prevalence, any method (% of sexually active unmarried women ages 15-49)",SP.DYN.CONU.SA.ZS,Montenegro,MNE,..,..,..,..,..,..,..,..,..,..,..,..,..,..,..,..,..,..,..,..,..,..,..,..,..,..,..,..,..,..,..,..,..,..,..,..,..,..,..,..,..,..,..,..,..,..,..,..,..,..,..,..,..,..,..,..,..,..,..,..,..,..,..,..
"Contraceptive prevalence, any method (% of sexually active unmarried women ages 15-49)",SP.DYN.CONU.SA.ZS,Morocco,MAR,..,..,..,..,..,..,..,..,..,..,..,..,..,..,..,..,..,..,..,..,..,..,..,..,..,..,..,..,..,..,..,..,..,..,..,..,..,..,..,..,..,..,..,..,..,..,..,..,..,..,..,..,..,..,..,..,..,..,..,..,..,..,..,..
"Contraceptive prevalence, any method (% of sexually active unmarried women ages 15-49)",SP.DYN.CONU.SA.ZS,Mozambique,MOZ,..,..,..,..,..,..,..,..,..,..,..,..,..,..,..,..,..,..,..,..,..,..,..,..,..,..,..,..,..,..,..,..,..,..,..,..,..,17.4,..,..,..,..,..,43.7,..,..,..,..,..,29.9,..,30.3,..,..,..,49.8,..,..,..,..,..,..,..,..
"Contraceptive prevalence, any method (% of sexually active unmarried women ages 15-49)",SP.DYN.CONU.SA.ZS,Myanmar,MMR,..,..,..,..,..,..,..,..,..,..,..,..,..,..,..,..,..,..,..,..,..,..,..,..,..,..,..,..,..,..,..,..,..,..,..,..,..,..,..,..,..,..,..,..,..,..,..,..,..,..,..,..,..,..,..,..,..,..,..,..,..,..,..,..
"Contraceptive prevalence, any method (% of sexually active unmarried women ages 15-49)",SP.DYN.CONU.SA.ZS,Namibia,NAM,..,..,..,..,..,..,..,..,..,..,..,..,..,..,..,..,..,..,..,..,..,..,..,..,..,..,..,..,..,..,..,..,34.7,..,..,..,..,..,..,..,57.9,..,..,..,..,..,..,77.9,..,..,..,..,..,77.8,..,..,..,..,..,..,..,..,..,..
"Contraceptive prevalence, any method (% of sexually active unmarried women ages 15-49)",SP.DYN.CONU.SA.ZS,Nauru,NRU,..,..,..,..,..,..,..,..,..,..,..,..,..,..,..,..,..,..,..,..,..,..,..,..,..,..,..,..,..,..,..,..,..,..,..,..,..,..,..,..,..,..,..,..,..,..,..,..,..,..,..,..,..,..,..,..,..,..,..,..,..,..,..,..
"Contraceptive prevalence, any method (% of sexually active unmarried women ages 15-49)",SP.DYN.CONU.SA.ZS,Nepal,NPL,..,..,..,..,..,..,..,..,..,..,..,..,..,..,..,..,..,..,..,..,..,..,..,..,..,..,..,..,..,..,..,..,..,..,..,..,..,..,..,..,..,..,..,..,..,..,..,..,..,..,..,..,..,..,..,..,..,..,..,..,..,..,..,..
"Contraceptive prevalence, any method (% of sexually active unmarried women ages 15-49)",SP.DYN.CONU.SA.ZS,Netherlands,NLD,..,..,..,..,..,..,..,..,..,..,..,..,..,..,..,..,..,..,..,..,..,..,..,..,..,..,..,..,..,..,..,..,..,..,..,..,..,..,..,..,..,..,..,..,..,..,..,..,..,..,..,..,..,..,..,..,..,..,..,..,..,..,..,..
"Contraceptive prevalence, any method (% of sexually active unmarried women ages 15-49)",SP.DYN.CONU.SA.ZS,New Caledonia,NCL,..,..,..,..,..,..,..,..,..,..,..,..,..,..,..,..,..,..,..,..,..,..,..,..,..,..,..,..,..,..,..,..,..,..,..,..,..,..,..,..,..,..,..,..,..,..,..,..,..,..,..,..,..,..,..,..,..,..,..,..,..,..,..,..
"Contraceptive prevalence, any method (% of sexually active unmarried women ages 15-49)",SP.DYN.CONU.SA.ZS,New Zealand,NZL,..,..,..,..,..,..,..,..,..,..,..,..,..,..,..,..,..,..,..,..,..,..,..,..,..,..,..,..,..,..,..,..,..,..,..,..,..,..,..,..,..,..,..,..,..,..,..,..,..,..,..,..,..,..,..,..,..,..,..,..,..,..,..,..
"Contraceptive prevalence, any method (% of sexually active unmarried women ages 15-49)",SP.DYN.CONU.SA.ZS,Nicaragua,NIC,..,..,..,..,..,..,..,..,..,..,..,..,..,..,..,..,..,..,..,..,..,..,..,..,..,..,..,..,..,..,..,..,..,..,..,..,..,..,61.7,..,..,66.8,..,..,..,..,..,..,..,..,..,..,..,..,..,..,..,..,..,..,..,..,..,..
"Contraceptive prevalence, any method (% of sexually active unmarried women ages 15-49)",SP.DYN.CONU.SA.ZS,Niger,NER,..,..,..,..,..,..,..,..,..,..,..,..,..,..,..,..,..,..,..,..,..,..,..,..,..,..,..,..,..,..,..,..,33.6,..,..,..,..,..,50.8,..,..,..,..,..,..,..,42.1,..,..,..,..,..,42.5,..,..,..,..,..,..,..,..,..,..,..
"Contraceptive prevalence, any method (% of sexually active unmarried women ages 15-49)",SP.DYN.CONU.SA.ZS,Nigeria,NGA,..,..,..,..,..,..,..,..,..,..,..,..,..,..,..,..,..,..,..,..,..,..,..,..,..,..,..,..,..,..,40.2,..,..,..,..,..,..,..,..,..,..,..,..,49.9,..,..,..,..,61,..,..,..,..,68.1,..,..,..,..,37,..,..,..,..,..
"Contraceptive prevalence, any method (% of sexually active unmarried women ages 15-49)",SP.DYN.CONU.SA.ZS,North America,NAC,..,..,..,..,..,..,..,..,..,..,..,..,..,..,..,..,..,..,..,..,..,..,..,..,..,..,..,..,..,..,..,..,..,..,..,..,..,..,..,..,..,..,..,..,..,..,..,..,..,..,..,..,..,..,..,..,..,..,..,..,..,..,..,..
"Contraceptive prevalence, any method (% of sexually active unmarried women ages 15-49)",SP.DYN.CONU.SA.ZS,North Macedonia,MKD,..,..,..,..,..,..,..,..,..,..,..,..,..,..,..,..,..,..,..,..,..,..,..,..,..,..,..,..,..,..,..,..,..,..,..,..,..,..,..,..,..,..,..,..,..,..,..,..,..,..,..,..,..,..,..,..,..,..,..,..,..,..,..,..
"Contraceptive prevalence, any method (% of sexually active unmarried women ages 15-49)",SP.DYN.CONU.SA.ZS,Northern Mariana Islands,MNP,..,..,..,..,..,..,..,..,..,..,..,..,..,..,..,..,..,..,..,..,..,..,..,..,..,..,..,..,..,..,..,..,..,..,..,..,..,..,..,..,..,..,..,..,..,..,..,..,..,..,..,..,..,..,..,..,..,..,..,..,..,..,..,..
"Contraceptive prevalence, any method (% of sexually active unmarried women ages 15-49)",SP.DYN.CONU.SA.ZS,Norway,NOR,..,..,..,..,..,..,..,..,..,..,..,..,..,..,..,..,..,..,..,..,..,..,..,..,..,..,..,..,..,..,..,..,..,..,..,..,..,..,..,..,..,..,..,..,..,..,..,..,..,..,..,..,..,..,..,..,..,..,..,..,..,..,..,..
"Contraceptive prevalence, any method (% of sexually active unmarried women ages 15-49)",SP.DYN.CONU.SA.ZS,Not classified,INX,..,..,..,..,..,..,..,..,..,..,..,..,..,..,..,..,..,..,..,..,..,..,..,..,..,..,..,..,..,..,..,..,..,..,..,..,..,..,..,..,..,..,..,..,..,..,..,..,..,..,..,..,..,..,..,..,..,..,..,..,..,..,..,..
"Contraceptive prevalence, any method (% of sexually active unmarried women ages 15-49)",SP.DYN.CONU.SA.ZS,OECD members,OED,..,..,..,..,..,..,..,..,..,..,..,..,..,..,..,..,..,..,..,..,..,..,..,..,..,..,..,..,..,..,..,..,..,..,..,..,..,..,..,..,..,..,..,..,..,..,..,..,..,..,..,..,..,..,..,..,..,..,..,..,..,..,..,..
"Contraceptive prevalence, any method (% of sexually active unmarried women ages 15-49)",SP.DYN.CONU.SA.ZS,Oman,OMN,..,..,..,..,..,..,..,..,..,..,..,..,..,..,..,..,..,..,..,..,..,..,..,..,..,..,..,..,..,..,..,..,..,..,..,..,..,..,..,..,..,..,..,..,..,..,..,..,..,..,..,..,..,..,..,..,..,..,..,..,..,..,..,..
"Contraceptive prevalence, any method (% of sexually active unmarried women ages 15-49)",SP.DYN.CONU.SA.ZS,Other small states,OSS,..,..,..,..,..,..,..,..,..,..,..,..,..,..,..,..,..,..,..,..,..,..,..,..,..,..,..,..,..,..,..,..,..,..,..,..,..,..,..,..,..,..,..,..,..,..,..,..,..,..,..,..,..,..,..,..,..,..,..,..,..,..,..,..
"Contraceptive prevalence, any method (% of sexually active unmarried women ages 15-49)",SP.DYN.CONU.SA.ZS,Pacific island small states,PSS,..,..,..,..,..,..,..,..,..,..,..,..,..,..,..,..,..,..,..,..,..,..,..,..,..,..,..,..,..,..,..,..,..,..,..,..,..,..,..,..,..,..,..,..,..,..,..,..,..,..,..,..,..,..,..,..,..,..,..,..,..,..,..,..
"Contraceptive prevalence, any method (% of sexually active unmarried women ages 15-49)",SP.DYN.CONU.SA.ZS,Pakistan,PAK,..,..,..,..,..,..,..,..,..,..,..,..,..,..,..,..,..,..,..,..,..,..,..,..,..,..,..,..,..,..,..,..,..,..,..,..,..,..,..,..,..,..,..,..,..,..,..,..,..,..,..,..,..,..,..,..,..,..,..,..,..,..,..,..
"Contraceptive prevalence, any method (% of sexually active unmarried women ages 15-49)",SP.DYN.CONU.SA.ZS,Palau,PLW,..,..,..,..,..,..,..,..,..,..,..,..,..,..,..,..,..,..,..,..,..,..,..,..,..,..,..,..,..,..,..,..,..,..,..,..,..,..,..,..,..,..,..,..,..,..,..,..,..,..,..,..,..,..,..,..,..,..,..,..,..,..,..,..
"Contraceptive prevalence, any method (% of sexually active unmarried women ages 15-49)",SP.DYN.CONU.SA.ZS,Panama,PAN,..,..,..,..,..,..,..,..,..,..,..,..,..,..,..,..,..,..,..,..,..,..,..,..,..,..,..,..,..,..,..,..,..,..,..,..,..,..,..,..,..,..,..,..,..,..,..,..,..,..,..,..,..,..,..,..,..,..,..,..,..,..,..,..
"Contraceptive prevalence, any method (% of sexually active unmarried women ages 15-49)",SP.DYN.CONU.SA.ZS,Papua New Guinea,PNG,..,..,..,..,..,..,..,..,..,..,..,..,..,..,..,..,..,..,..,..,..,..,..,..,..,..,..,..,..,..,..,..,..,..,..,..,..,..,..,..,..,..,..,..,..,..,..,..,..,..,..,..,..,..,..,..,..,..,18.2,..,..,..,..,..
"Contraceptive prevalence, any method (% of sexually active unmarried women ages 15-49)",SP.DYN.CONU.SA.ZS,Paraguay,PRY,..,..,..,..,..,..,..,..,..,..,..,..,..,..,..,..,..,..,..,..,..,..,..,..,..,..,..,..,..,..,38.7,..,..,..,..,..,..,..,..,..,..,..,..,..,..,..,..,..,..,..,..,..,..,..,..,..,..,..,..,..,..,..,..,..
"Contraceptive prevalence, any method (% of sexually active unmarried women ages 15-49)",SP.DYN.CONU.SA.ZS,Peru,PER,..,..,..,..,..,..,..,..,..,..,..,..,..,..,..,..,..,..,..,..,..,..,..,..,..,..,..,..,..,..,..,..,68.8,..,..,..,76.5,..,..,..,76.4,..,..,..,..,..,86.4,..,86.4,84.7,85.9,86.1,85.5,..,..,..,..,..,..,..,..,..,..,..
"Contraceptive prevalence, any method (% of sexually active unmarried women ages 15-49)",SP.DYN.CONU.SA.ZS,Philippines,PHL,..,..,..,..,..,..,..,..,..,..,..,..,..,..,..,..,..,..,..,..,..,..,..,..,..,..,..,..,..,..,..,..,..,20.1,..,..,..,..,42.4,..,..,..,..,25.4,..,..,..,..,45.3,..,..,..,..,53.2,..,..,..,32.3,..,..,..,..,..,..
"Contraceptive prevalence, any method (% of sexually active unmarried women ages 15-49)",SP.DYN.CONU.SA.ZS,Poland,POL,..,..,..,..,..,..,..,..,..,..,..,..,..,..,..,..,..,..,..,..,..,..,..,..,..,..,..,..,..,..,..,..,..,..,..,..,..,..,..,..,..,..,..,..,..,..,..,..,..,..,..,..,..,..,..,..,..,..,..,..,..,..,..,..
"Contraceptive prevalence, any method (% of sexually active unmarried women ages 15-49)",SP.DYN.CONU.SA.ZS,Portugal,PRT,..,..,..,..,..,..,..,..,..,..,..,..,..,..,..,..,..,..,..,..,..,..,..,..,..,..,..,..,..,..,..,..,..,..,..,..,..,..,..,..,..,..,..,..,..,..,..,..,..,..,..,..,..,..,..,..,..,..,..,..,..,..,..,..
"Contraceptive prevalence, any method (% of sexually active unmarried women ages 15-49)",SP.DYN.CONU.SA.ZS,Post-demographic dividend,PST,..,..,..,..,..,..,..,..,..,..,..,..,..,..,..,..,..,..,..,..,..,..,..,..,..,..,..,..,..,..,..,..,..,..,..,..,..,..,..,..,..,..,..,..,..,..,..,..,..,..,..,..,..,..,..,..,..,..,..,..,..,..,..,..
"Contraceptive prevalence, any method (% of sexually active unmarried women ages 15-49)",SP.DYN.CONU.SA.ZS,Pre-demographic dividend,PRE,..,..,..,..,..,..,..,..,..,..,..,..,..,..,..,..,..,..,..,..,..,..,..,..,..,..,..,..,..,..,..,..,..,..,..,..,..,..,..,..,..,..,..,..,..,..,..,..,..,..,..,..,..,..,..,..,..,..,..,..,..,..,..,..
"Contraceptive prevalence, any method (% of sexually active unmarried women ages 15-49)",SP.DYN.CONU.SA.ZS,Puerto Rico,PRI,..,..,..,..,..,..,..,..,..,..,..,..,..,..,..,..,..,..,..,..,..,..,..,..,..,..,..,..,..,..,..,..,..,..,..,..,..,..,..,..,..,..,..,..,..,..,..,..,..,..,..,..,..,..,..,..,..,..,..,..,..,..,..,..
"Contraceptive prevalence, any method (% of sexually active unmarried women ages 15-49)",SP.DYN.CONU.SA.ZS,Qatar,QAT,..,..,..,..,..,..,..,..,..,..,..,..,..,..,..,..,..,..,..,..,..,..,..,..,..,..,..,..,..,..,..,..,..,..,..,..,..,..,..,..,..,..,..,..,..,..,..,..,..,..,..,..,..,..,..,..,..,..,..,..,..,..,..,..
"Contraceptive prevalence, any method (% of sexually active unmarried women ages 15-49)",SP.DYN.CONU.SA.ZS,Romania,ROU,..,..,..,..,..,..,..,..,..,..,..,..,..,..,..,..,..,..,..,..,..,..,..,..,..,..,..,..,..,..,..,..,..,..,..,..,..,..,..,..,..,..,..,..,..,..,..,..,..,..,..,..,..,..,..,..,..,..,..,..,..,..,..,..
"Contraceptive prevalence, any method (% of sexually active unmarried women ages 15-49)",SP.DYN.CONU.SA.ZS,Russian Federation,RUS,..,..,..,..,..,..,..,..,..,..,..,..,..,..,..,..,..,..,..,..,..,..,..,..,..,..,..,..,..,..,..,..,..,..,..,..,..,..,..,..,..,..,..,..,..,..,..,..,..,..,..,..,..,..,..,..,..,..,..,..,..,..,..,..
"Contraceptive prevalence, any method (% of sexually active unmarried women ages 15-49)",SP.DYN.CONU.SA.ZS,Rwanda,RWA,..,..,..,..,..,..,..,..,..,..,..,..,..,..,..,..,..,..,..,..,..,..,..,..,..,..,..,..,..,..,..,..,29.4,..,..,..,..,..,..,..,22.3,..,..,..,..,11.6,..,..,..,..,41.2,..,..,..,..,35.6,..,..,..,..,49.9,..,..,..
"Contraceptive prevalence, any method (% of sexually active unmarried women ages 15-49)",SP.DYN.CONU.SA.ZS,Samoa,WSM,..,..,..,..,..,..,..,..,..,..,..,..,..,..,..,..,..,..,..,..,..,..,..,..,..,..,..,..,..,..,..,..,..,..,..,..,..,..,..,..,..,..,..,..,..,..,..,..,..,..,..,..,..,..,..,..,..,..,..,..,..,..,..,..
"Contraceptive prevalence, any method (% of sexually active unmarried women ages 15-49)",SP.DYN.CONU.SA.ZS,San Marino,SMR,..,..,..,..,..,..,..,..,..,..,..,..,..,..,..,..,..,..,..,..,..,..,..,..,..,..,..,..,..,..,..,..,..,..,..,..,..,..,..,..,..,..,..,..,..,..,..,..,..,..,..,..,..,..,..,..,..,..,..,..,..,..,..,..
"Contraceptive prevalence, any method (% of sexually active unmarried women ages 15-49)",SP.DYN.CONU.SA.ZS,Sao Tome and Principe,STP,..,..,..,..,..,..,..,..,..,..,..,..,..,..,..,..,..,..,..,..,..,..,..,..,..,..,..,..,..,..,..,..,..,..,..,..,..,..,..,..,..,..,..,..,..,..,..,..,..,46.5,..,..,..,..,..,..,..,..,..,..,..,..,..,..
"Contraceptive prevalence, any method (% of sexually active unmarried women ages 15-49)",SP.DYN.CONU.SA.ZS,Saudi Arabia,SAU,..,..,..,..,..,..,..,..,..,..,..,..,..,..,..,..,..,..,..,..,..,..,..,..,..,..,..,..,..,..,..,..,..,..,..,..,..,..,..,..,..,..,..,..,..,..,..,..,..,..,..,..,..,..,..,..,..,..,..,..,..,..,..,..
"Contraceptive prevalence, any method (% of sexually active unmarried women ages 15-49)",SP.DYN.CONU.SA.ZS,Senegal,SEN,..,..,..,..,..,..,..,..,..,..,..,..,..,..,..,..,..,..,..,..,..,..,..,..,..,..,..,..,..,..,..,..,..,41.6,..,..,..,49.7,..,..,..,..,..,..,..,43.3,..,..,..,..,..,26,..,47.3,58.1,56.5,49.5,55.7,45.2,22.1,..,..,..,..
"Contraceptive prevalence, any method (% of sexually active unmarried women ages 15-49)",SP.DYN.CONU.SA.ZS,Serbia,SRB,..,..,..,..,..,..,..,..,..,..,..,..,..,..,..,..,..,..,..,..,..,..,..,..,..,..,..,..,..,..,..,..,..,..,..,..,..,..,..,..,..,..,..,..,..,..,..,..,..,..,..,..,..,..,..,..,..,..,..,..,..,..,..,..
"Contraceptive prevalence, any method (% of sexually active unmarried women ages 15-49)",SP.DYN.CONU.SA.ZS,Seychelles,SYC,..,..,..,..,..,..,..,..,..,..,..,..,..,..,..,..,..,..,..,..,..,..,..,..,..,..,..,..,..,..,..,..,..,..,..,..,..,..,..,..,..,..,..,..,..,..,..,..,..,..,..,..,..,..,..,..,..,..,..,..,..,..,..,..
"Contraceptive prevalence, any method (% of sexually active unmarried women ages 15-49)",SP.DYN.CONU.SA.ZS,Sierra Leone,SLE,..,..,..,..,..,..,..,..,..,..,..,..,..,..,..,..,..,..,..,..,..,..,..,..,..,..,..,..,..,..,..,..,..,..,..,..,..,..,..,..,..,..,..,..,..,..,..,..,33.6,..,..,..,..,59.2,..,..,..,..,..,53.3,..,..,..,..
"Contraceptive prevalence, any method (% of sexually active unmarried women ages 15-49)",SP.DYN.CONU.SA.ZS,Singapore,SGP,..,..,..,..,..,..,..,..,..,..,..,..,..,..,..,..,..,..,..,..,..,..,..,..,..,..,..,..,..,..,..,..,..,..,..,..,..,..,..,..,..,..,..,..,..,..,..,..,..,..,..,..,..,..,..,..,..,..,..,..,..,..,..,..
"Contraceptive prevalence, any method (% of sexually active unmarried women ages 15-49)",SP.DYN.CONU.SA.ZS,Sint Maarten (Dutch part),SXM,..,..,..,..,..,..,..,..,..,..,..,..,..,..,..,..,..,..,..,..,..,..,..,..,..,..,..,..,..,..,..,..,..,..,..,..,..,..,..,..,..,..,..,..,..,..,..,..,..,..,..,..,..,..,..,..,..,..,..,..,..,..,..,..
"Contraceptive prevalence, any method (% of sexually active unmarried women ages 15-49)",SP.DYN.CONU.SA.ZS,Slovak Republic,SVK,..,..,..,..,..,..,..,..,..,..,..,..,..,..,..,..,..,..,..,..,..,..,..,..,..,..,..,..,..,..,..,..,..,..,..,..,..,..,..,..,..,..,..,..,..,..,..,..,..,..,..,..,..,..,..,..,..,..,..,..,..,..,..,..
"Contraceptive prevalence, any method (% of sexually active unmarried women ages 15-49)",SP.DYN.CONU.SA.ZS,Slovenia,SVN,..,..,..,..,..,..,..,..,..,..,..,..,..,..,..,..,..,..,..,..,..,..,..,..,..,..,..,..,..,..,..,..,..,..,..,..,..,..,..,..,..,..,..,..,..,..,..,..,..,..,..,..,..,..,..,..,..,..,..,..,..,..,..,..
"Contraceptive prevalence, any method (% of sexually active unmarried women ages 15-49)",SP.DYN.CONU.SA.ZS,Small states,SST,..,..,..,..,..,..,..,..,..,..,..,..,..,..,..,..,..,..,..,..,..,..,..,..,..,..,..,..,..,..,..,..,..,..,..,..,..,..,..,..,..,..,..,..,..,..,..,..,..,..,..,..,..,..,..,..,..,..,..,..,..,..,..,..
"Contraceptive prevalence, any method (% of sexually active unmarried women ages 15-49)",SP.DYN.CONU.SA.ZS,Solomon Islands,SLB,..,..,..,..,..,..,..,..,..,..,..,..,..,..,..,..,..,..,..,..,..,..,..,..,..,..,..,..,..,..,..,..,..,..,..,..,..,..,..,..,..,..,..,..,..,..,..,..,..,..,..,..,..,..,..,..,..,..,..,..,..,..,..,..
"Contraceptive prevalence, any method (% of sexually active unmarried women ages 15-49)",SP.DYN.CONU.SA.ZS,Somalia,SOM,..,..,..,..,..,..,..,..,..,..,..,..,..,..,..,..,..,..,..,..,..,..,..,..,..,..,..,..,..,..,..,..,..,..,..,..,..,..,..,..,..,..,..,..,..,..,..,..,..,..,..,..,..,..,..,..,..,..,..,..,..,..,..,..
"Contraceptive prevalence, any method (% of sexually active unmarried women ages 15-49)",SP.DYN.CONU.SA.ZS,South Africa,ZAF,..,..,..,..,..,..,..,..,..,..,..,..,..,..,..,..,..,..,..,..,..,..,..,..,..,..,..,..,..,..,..,..,..,..,..,..,..,..,68.5,..,..,..,..,..,..,..,..,..,..,..,..,..,..,..,..,..,64.2,..,..,..,..,..,..,..
"Contraceptive prevalence, any method (% of sexually active unmarried women ages 15-49)",SP.DYN.CONU.SA.ZS,South Asia,SAS,..,..,..,..,..,..,..,..,..,..,..,..,..,..,..,..,..,..,..,..,..,..,..,..,..,..,..,..,..,..,..,..,..,..,..,..,..,..,..,..,..,..,..,..,..,..,..,..,..,..,..,..,..,..,..,..,..,..,68.6820728708516,..,..,..,..,..
"Contraceptive prevalence, any method (% of sexually active unmarried women ages 15-49)",SP.DYN.CONU.SA.ZS,South Asia (IDA & IBRD),TSA,..,..,..,..,..,..,..,..,..,..,..,..,..,..,..,..,..,..,..,..,..,..,..,..,..,..,..,..,..,..,..,..,..,..,..,..,..,..,..,..,..,..,..,..,..,..,..,..,..,..,..,..,..,..,..,..,..,..,68.6820728708516,..,..,..,..,..
"Contraceptive prevalence, any method (% of sexually active unmarried women ages 15-49)",SP.DYN.CONU.SA.ZS,South Sudan,SSD,..,..,..,..,..,..,..,..,..,..,..,..,..,..,..,..,..,..,..,..,..,..,..,..,..,..,..,..,..,..,..,..,..,..,..,..,..,..,..,..,..,..,..,..,..,..,..,..,..,..,..,..,..,..,..,..,..,..,..,..,..,..,..,..
"Contraceptive prevalence, any method (% of sexually active unmarried women ages 15-49)",SP.DYN.CONU.SA.ZS,Spain,ESP,..,..,..,..,..,..,..,..,..,..,..,..,..,..,..,..,..,..,..,..,..,..,..,..,..,..,..,..,..,..,..,..,..,..,..,..,..,..,..,..,..,..,..,..,..,..,..,..,..,..,..,..,..,..,..,..,..,..,..,..,..,..,..,..
"Contraceptive prevalence, any method (% of sexually active unmarried women ages 15-49)",SP.DYN.CONU.SA.ZS,Sri Lanka,LKA,..,..,..,..,..,..,..,..,..,..,..,..,..,..,..,..,..,..,..,..,..,..,..,..,..,..,..,..,..,..,..,..,..,..,..,..,..,..,..,..,..,..,..,..,..,..,..,..,..,..,..,..,..,..,..,..,..,..,..,..,..,..,..,..
"Contraceptive prevalence, any method (% of sexually active unmarried women ages 15-49)",SP.DYN.CONU.SA.ZS,St. Kitts and Nevis,KNA,..,..,..,..,..,..,..,..,..,..,..,..,..,..,..,..,..,..,..,..,..,..,..,..,..,..,..,..,..,..,..,..,..,..,..,..,..,..,..,..,..,..,..,..,..,..,..,..,..,..,..,..,..,..,..,..,..,..,..,..,..,..,..,..
"Contraceptive prevalence, any method (% of sexually active unmarried women ages 15-49)",SP.DYN.CONU.SA.ZS,St. Lucia,LCA,..,..,..,..,..,..,..,..,..,..,..,..,..,..,..,..,..,..,..,..,..,..,..,..,..,..,..,..,..,..,..,..,..,..,..,..,..,..,..,..,..,..,..,..,..,..,..,..,..,..,..,..,..,..,..,..,..,..,..,..,..,..,..,..
"Contraceptive prevalence, any method (% of sexually active unmarried women ages 15-49)",SP.DYN.CONU.SA.ZS,St. Martin (French part),MAF,..,..,..,..,..,..,..,..,..,..,..,..,..,..,..,..,..,..,..,..,..,..,..,..,..,..,..,..,..,..,..,..,..,..,..,..,..,..,..,..,..,..,..,..,..,..,..,..,..,..,..,..,..,..,..,..,..,..,..,..,..,..,..,..
"Contraceptive prevalence, any method (% of sexually active unmarried women ages 15-49)",SP.DYN.CONU.SA.ZS,St. Vincent and the Grenadines,VCT,..,..,..,..,..,..,..,..,..,..,..,..,..,..,..,..,..,..,..,..,..,..,..,..,..,..,..,..,..,..,..,..,..,..,..,..,..,..,..,..,..,..,..,..,..,..,..,..,..,..,..,..,..,..,..,..,..,..,..,..,..,..,..,..
"Contraceptive prevalence, any method (% of sexually active unmarried women ages 15-49)",SP.DYN.CONU.SA.ZS,Sub-Saharan Africa,SSF,..,..,..,..,..,..,..,..,..,..,..,..,..,..,..,..,..,..,..,..,..,..,..,..,..,..,..,..,..,..,..,..,..,..,..,..,..,..,..,..,..,..,..,..,..,..,..,..,..,..,52.0137429129495,..,..,..,..,..,..,..,46.7230470490273,..,..,..,..,..
"Contraceptive prevalence, any method (% of sexually active unmarried women ages 15-49)",SP.DYN.CONU.SA.ZS,Sub-Saharan Africa (excluding high income),SSA,..,..,..,..,..,..,..,..,..,..,..,..,..,..,..,..,..,..,..,..,..,..,..,..,..,..,..,..,..,..,..,..,..,..,..,..,..,..,..,..,..,..,..,..,..,..,..,..,..,..,52.0137429129495,..,..,..,..,..,..,..,46.7230470490273,..,..,..,..,..
"Contraceptive prevalence, any method (% of sexually active unmarried women ages 15-49)",SP.DYN.CONU.SA.ZS,Sub-Saharan Africa (IDA & IBRD countries),TSS,..,..,..,..,..,..,..,..,..,..,..,..,..,..,..,..,..,..,..,..,..,..,..,..,..,..,..,..,..,..,..,..,..,..,..,..,..,..,..,..,..,..,..,..,..,..,..,..,..,..,52.0137429129495,..,..,..,..,..,..,..,46.7230470490273,..,..,..,..,..
"Contraceptive prevalence, any method (% of sexually active unmarried women ages 15-49)",SP.DYN.CONU.SA.ZS,Sudan,SDN,..,..,..,..,..,..,..,..,..,..,..,..,..,..,..,..,..,..,..,..,..,..,..,..,..,..,..,..,..,..,..,..,..,..,..,..,..,..,..,..,..,..,..,..,..,..,..,..,..,..,..,..,..,..,..,..,..,..,..,..,..,..,..,..
"Contraceptive prevalence, any method (% of sexually active unmarried women ages 15-49)",SP.DYN.CONU.SA.ZS,Suriname,SUR,..,..,..,..,..,..,..,..,..,..,..,..,..,..,..,..,..,..,..,..,..,..,..,..,..,..,..,..,..,..,..,..,..,..,..,..,..,..,..,..,..,..,..,..,..,..,..,..,..,..,..,..,..,..,..,..,..,..,..,..,..,..,..,..
"Contraceptive prevalence, any method (% of sexually active unmarried women ages 15-49)",SP.DYN.CONU.SA.ZS,Sweden,SWE,..,..,..,..,..,..,..,..,..,..,..,..,..,..,..,..,..,..,..,..,..,..,..,..,..,..,..,..,..,..,..,..,..,..,..,..,..,..,..,..,..,..,..,..,..,..,..,..,..,..,..,..,..,..,..,..,..,..,..,..,..,..,..,..
"Contraceptive prevalence, any method (% of sexually active unmarried women ages 15-49)",SP.DYN.CONU.SA.ZS,Switzerland,CHE,..,..,..,..,..,..,..,..,..,..,..,..,..,..,..,..,..,..,..,..,..,..,..,..,..,..,..,..,..,..,..,..,..,..,..,..,..,..,..,..,..,..,..,..,..,..,..,..,..,..,..,..,..,..,..,..,..,..,..,..,..,..,..,..
"Contraceptive prevalence, any method (% of sexually active unmarried women ages 15-49)",SP.DYN.CONU.SA.ZS,Syrian Arab Republic,SYR,..,..,..,..,..,..,..,..,..,..,..,..,..,..,..,..,..,..,..,..,..,..,..,..,..,..,..,..,..,..,..,..,..,..,..,..,..,..,..,..,..,..,..,..,..,..,..,..,..,..,..,..,..,..,..,..,..,..,..,..,..,..,..,..
"Contraceptive prevalence, any method (% of sexually active unmarried women ages 15-49)",SP.DYN.CONU.SA.ZS,Tajikistan,TJK,..,..,..,..,..,..,..,..,..,..,..,..,..,..,..,..,..,..,..,..,..,..,..,..,..,..,..,..,..,..,..,..,..,..,..,..,..,..,..,..,..,..,..,..,..,..,..,..,..,..,..,..,..,..,..,..,..,..,..,..,..,..,..,..
"Contraceptive prevalence, any method (% of sexually active unmarried women ages 15-49)",SP.DYN.CONU.SA.ZS,Tanzania,TZA,..,..,..,..,..,..,..,..,..,..,..,..,..,..,..,..,..,..,..,..,..,..,..,..,..,..,..,..,..,..,..,..,17.3,..,..,..,26.1,..,..,32,..,..,..,..,..,40.5,..,..,..,..,50.6,..,..,..,..,..,54.1,..,..,..,..,..,..,..
"Contraceptive prevalence, any method (% of sexually active unmarried women ages 15-49)",SP.DYN.CONU.SA.ZS,Thailand,THA,..,..,..,..,..,..,..,..,..,..,..,..,..,..,..,..,..,..,..,..,..,..,..,..,..,..,..,..,..,..,..,..,..,..,..,..,..,..,..,..,..,..,..,..,..,..,..,..,..,..,..,..,..,..,..,..,..,..,..,..,..,..,..,..
"Contraceptive prevalence, any method (% of sexually active unmarried women ages 15-49)",SP.DYN.CONU.SA.ZS,Timor-Leste,TLS,..,..,..,..,..,..,..,..,..,..,..,..,..,..,..,..,..,..,..,..,..,..,..,..,..,..,..,..,..,..,..,..,..,..,..,..,..,..,..,..,..,..,..,..,..,..,..,..,..,..,..,..,..,..,..,..,6.4,..,..,..,..,..,..,..
"Contraceptive prevalence, any method (% of sexually active unmarried women ages 15-49)",SP.DYN.CONU.SA.ZS,Togo,TGO,..,..,..,..,..,..,..,..,..,..,..,..,..,..,..,..,..,..,..,..,..,..,..,..,..,..,..,..,58.6,..,..,..,..,..,..,..,..,..,53.5,..,..,..,..,..,..,..,..,..,..,..,..,..,..,..,43.8,..,..,..,..,..,..,..,..,..
"Contraceptive prevalence, any method (% of sexually active unmarried women ages 15-49)",SP.DYN.CONU.SA.ZS,Tonga,TON,..,..,..,..,..,..,..,..,..,..,..,..,..,..,..,..,..,..,..,..,..,..,..,..,..,..,..,..,..,..,..,..,..,..,..,..,..,..,..,..,..,..,..,..,..,..,..,..,..,..,..,..,..,..,..,..,..,..,..,..,..,..,..,..
"Contraceptive prevalence, any method (% of sexually active unmarried women ages 15-49)",SP.DYN.CONU.SA.ZS,Trinidad and Tobago,TTO,..,..,..,..,..,..,..,..,..,..,..,..,..,..,..,..,..,..,..,..,..,..,..,..,..,..,..,43.8,..,..,..,..,..,..,..,..,..,..,..,..,..,..,..,..,..,..,..,..,..,..,..,..,..,..,..,..,..,..,..,..,..,..,..,..
"Contraceptive prevalence, any method (% of sexually active unmarried women ages 15-49)",SP.DYN.CONU.SA.ZS,Tunisia,TUN,..,..,..,..,..,..,..,..,..,..,..,..,..,..,..,..,..,..,..,..,..,..,..,..,..,..,..,..,..,..,..,..,..,..,..,..,..,..,..,..,..,..,..,..,..,..,..,..,..,..,..,..,..,..,..,..,..,..,..,..,..,..,..,..
"Contraceptive prevalence, any method (% of sexually active unmarried women ages 15-49)",SP.DYN.CONU.SA.ZS,Turkiye,TUR,..,..,..,..,..,..,..,..,..,..,..,..,..,..,..,..,..,..,..,..,..,..,..,..,..,..,..,..,..,..,..,..,..,..,..,..,..,..,..,..,..,..,..,..,..,..,..,..,..,..,..,..,..,..,..,..,..,..,..,..,..,..,..,..
"Contraceptive prevalence, any method (% of sexually active unmarried women ages 15-49)",SP.DYN.CONU.SA.ZS,Turkmenistan,TKM,..,..,..,..,..,..,..,..,..,..,..,..,..,..,..,..,..,..,..,..,..,..,..,..,..,..,..,..,..,..,..,..,..,..,..,..,..,..,..,..,..,..,..,..,..,..,..,..,..,..,..,..,..,..,..,..,..,..,..,..,..,..,..,..
"Contraceptive prevalence, any method (% of sexually active unmarried women ages 15-49)",SP.DYN.CONU.SA.ZS,Turks and Caicos Islands,TCA,..,..,..,..,..,..,..,..,..,..,..,..,..,..,..,..,..,..,..,..,..,..,..,..,..,..,..,..,..,..,..,..,..,..,..,..,..,..,..,..,..,..,..,..,..,..,..,..,..,..,..,..,..,..,..,..,..,..,..,..,..,..,..,..
"Contraceptive prevalence, any method (% of sexually active unmarried women ages 15-49)",SP.DYN.CONU.SA.ZS,Tuvalu,TUV,..,..,..,..,..,..,..,..,..,..,..,..,..,..,..,..,..,..,..,..,..,..,..,..,..,..,..,..,..,..,..,..,..,..,..,..,..,..,..,..,..,..,..,..,..,..,..,..,..,..,..,..,..,..,..,..,..,..,..,..,..,..,..,..
"Contraceptive prevalence, any method (% of sexually active unmarried women ages 15-49)",SP.DYN.CONU.SA.ZS,Uganda,UGA,..,..,..,..,..,..,..,..,..,..,..,..,..,..,..,..,..,..,..,..,..,..,..,..,..,..,..,..,..,14.7,..,..,..,..,..,35.6,..,..,..,..,..,48.4,..,..,..,..,54,..,..,..,..,51.8,..,..,..,..,50.6,..,..,..,..,..,..,..
"Contraceptive prevalence, any method (% of sexually active unmarried women ages 15-49)",SP.DYN.CONU.SA.ZS,Ukraine,UKR,..,..,..,..,..,..,..,..,..,..,..,..,..,..,..,..,..,..,..,..,..,..,..,..,..,..,..,..,..,..,..,..,..,..,..,..,..,..,..,..,..,..,..,..,..,..,..,87.3,..,..,..,..,..,..,..,..,..,..,..,..,..,..,..,..
"Contraceptive prevalence, any method (% of sexually active unmarried women ages 15-49)",SP.DYN.CONU.SA.ZS,United Arab Emirates,ARE,..,..,..,..,..,..,..,..,..,..,..,..,..,..,..,..,..,..,..,..,..,..,..,..,..,..,..,..,..,..,..,..,..,..,..,..,..,..,..,..,..,..,..,..,..,..,..,..,..,..,..,..,..,..,..,..,..,..,..,..,..,..,..,..
"Contraceptive prevalence, any method (% of sexually active unmarried women ages 15-49)",SP.DYN.CONU.SA.ZS,United Kingdom,GBR,..,..,..,..,..,..,..,..,..,..,..,..,..,..,..,..,..,..,..,..,..,..,..,..,..,..,..,..,..,..,..,..,..,..,..,..,..,..,..,..,..,..,..,..,..,..,..,..,..,..,..,..,..,..,..,..,..,..,..,..,..,..,..,..
"Contraceptive prevalence, any method (% of sexually active unmarried women ages 15-49)",SP.DYN.CONU.SA.ZS,United States,USA,..,..,..,..,..,..,..,..,..,..,..,..,..,..,..,..,..,..,..,..,..,..,..,..,..,..,..,..,..,..,..,..,..,..,..,..,..,..,..,..,..,..,..,..,..,..,..,..,..,..,..,..,..,..,..,..,..,..,..,..,..,..,..,..
"Contraceptive prevalence, any method (% of sexually active unmarried women ages 15-49)",SP.DYN.CONU.SA.ZS,Upper middle income,UMC,..,..,..,..,..,..,..,..,..,..,..,..,..,..,..,..,..,..,..,..,..,..,..,..,..,..,..,..,..,..,..,..,..,..,..,..,..,..,..,..,..,..,..,..,..,..,..,..,..,..,..,..,..,..,..,..,..,..,..,..,..,..,..,..
"Contraceptive prevalence, any method (% of sexually active unmarried women ages 15-49)",SP.DYN.CONU.SA.ZS,Uruguay,URY,..,..,..,..,..,..,..,..,..,..,..,..,..,..,..,..,..,..,..,..,..,..,..,..,..,..,..,..,..,..,..,..,..,..,..,..,..,..,..,..,..,..,..,..,..,..,..,..,..,..,..,..,..,..,..,..,..,..,..,..,..,..,..,..
"Contraceptive prevalence, any method (% of sexually active unmarried women ages 15-49)",SP.DYN.CONU.SA.ZS,Uzbekistan,UZB,..,..,..,..,..,..,..,..,..,..,..,..,..,..,..,..,..,..,..,..,..,..,..,..,..,..,..,..,..,..,..,..,..,..,..,..,..,..,..,..,..,..,..,..,..,..,..,..,..,..,..,..,..,..,..,..,..,..,..,..,..,..,..,..
"Contraceptive prevalence, any method (% of sexually active unmarried women ages 15-49)",SP.DYN.CONU.SA.ZS,Vanuatu,VUT,..,..,..,..,..,..,..,..,..,..,..,..,..,..,..,..,..,..,..,..,..,..,..,..,..,..,..,..,..,..,..,..,..,..,..,..,..,..,..,..,..,..,..,..,..,..,..,..,..,..,..,..,..,..,..,..,..,..,..,..,..,..,..,..
"Contraceptive prevalence, any method (% of sexually active unmarried women ages 15-49)",SP.DYN.CONU.SA.ZS,"Venezuela, RB",VEN,..,..,..,..,..,..,..,..,..,..,..,..,..,..,..,..,..,..,..,..,..,..,..,..,..,..,..,..,..,..,..,..,..,..,..,..,..,..,..,..,..,..,..,..,..,..,..,..,..,..,..,..,..,..,..,..,..,..,..,..,..,..,..,..
"Contraceptive prevalence, any method (% of sexually active unmarried women ages 15-49)",SP.DYN.CONU.SA.ZS,Viet Nam,VNM,..,..,..,..,..,..,..,..,..,..,..,..,..,..,..,..,..,..,..,..,..,..,..,..,..,..,..,..,..,..,..,..,..,..,..,..,..,..,..,..,..,..,..,..,..,..,..,..,..,..,..,..,..,..,..,..,..,..,..,..,..,..,..,..
"Contraceptive prevalence, any method (% of sexually active unmarried women ages 15-49)",SP.DYN.CONU.SA.ZS,Virgin Islands (U.S.),VIR,..,..,..,..,..,..,..,..,..,..,..,..,..,..,..,..,..,..,..,..,..,..,..,..,..,..,..,..,..,..,..,..,..,..,..,..,..,..,..,..,..,..,..,..,..,..,..,..,..,..,..,..,..,..,..,..,..,..,..,..,..,..,..,..
"Contraceptive prevalence, any method (% of sexually active unmarried women ages 15-49)",SP.DYN.CONU.SA.ZS,West Bank and Gaza,PSE,..,..,..,..,..,..,..,..,..,..,..,..,..,..,..,..,..,..,..,..,..,..,..,..,..,..,..,..,..,..,..,..,..,..,..,..,..,..,..,..,..,..,..,..,..,..,..,..,..,..,..,..,..,..,..,..,..,..,..,..,..,..,..,..
"Contraceptive prevalence, any method (% of sexually active unmarried women ages 15-49)",SP.DYN.CONU.SA.ZS,World,WLD,..,..,..,..,..,..,..,..,..,..,..,..,..,..,..,..,..,..,..,..,..,..,..,..,..,..,..,..,..,..,..,..,..,..,..,..,..,..,..,..,..,..,..,..,..,..,..,..,..,..,..,..,..,..,..,..,..,..,..,..,..,..,..,..
"Contraceptive prevalence, any method (% of sexually active unmarried women ages 15-49)",SP.DYN.CONU.SA.ZS,"Yemen, Rep.",YEM,..,..,..,..,..,..,..,..,..,..,..,..,..,..,..,..,..,..,..,..,..,..,..,..,..,..,..,..,..,..,..,..,..,..,..,..,..,..,..,..,..,..,..,..,..,..,..,..,..,..,..,..,..,..,..,..,..,..,..,..,..,..,..,..
"Contraceptive prevalence, any method (% of sexually active unmarried women ages 15-49)",SP.DYN.CONU.SA.ZS,Zambia,ZMB,..,..,..,..,..,..,..,..,..,..,..,..,..,..,..,..,..,..,..,..,..,..,..,..,..,..,..,..,..,..,..,..,12.8,..,..,..,24,..,..,..,..,..,32.5,..,..,..,..,47.6,..,..,..,..,..,..,39,..,..,..,43.9,..,..,..,..,..
"Contraceptive prevalence, any method (% of sexually active unmarried women ages 15-49)",SP.DYN.CONU.SA.ZS,Zimbabwe,ZWE,..,..,..,..,..,..,..,..,..,..,..,..,..,..,..,..,..,..,..,..,..,..,..,..,..,..,..,..,44,..,..,..,..,..,56,..,..,..,..,55.3,..,..,..,..,..,..,61.2,..,..,..,..,61.7,..,..,..,67.5,..,..,..,..,..,..,..,..
,,,,,,,,,,,,,,,,,,,,,,,,,,,,,,,,,,,,,,,,,,,,,,,,,,,,,,,,,,,,,,,,,,,
,,,,,,,,,,,,,,,,,,,,,,,,,,,,,,,,,,,,,,,,,,,,,,,,,,,,,,,,,,,,,,,,,,,
,,,,,,,,,,,,,,,,,,,,,,,,,,,,,,,,,,,,,,,,,,,,,,,,,,,,,,,,,,,,,,,,,,,
Data from database: Health Nutrition and Population Statistics,,,,,,,,,,,,,,,,,,,,,,,,,,,,,,,,,,,,,,,,,,,,,,,,,,,,,,,,,,,,,,,,,,,
Last Updated: 12/16/2024,,,,,,,,,,,,,,,,,,,,,,,,,,,,,,,,,,,,,,,,,,,,,,,,,,,,,,,,,,,,,,,,,,,
